adr,required_car_parking_spaces,total_of_special_requests,reservation_status,reservation_status_date,name,email,phone-number,credit_card
0,0,0,Check-Out,7/1/2015,Ernest Barnes,Ernest.Barnes31@outlook.com,669-792-1661,************4322
0,0,0,Check-Out,7/1/2015,Andrea Baker,Andrea_Baker94@aol.com,858-637-6955,************9157
94.95,0,1,Check-Out,7/1/2015,Angie Sanchez,Angie_Sanchez@att.com,211-889-2476,************8871
63.6,1,0,Check-Out,7/8/2015,Alexis King,King_Alexis70@hotmail.com,103-516-5853,************6809
79.5,0,0,Check-Out,7/8/2015,Michael Davidson,MichaelDavidson82@att.com,336-525-2460,************8662
107,0,2,Canceled,5/11/2015,Jaime Flynn,JaimeFlynn29@gmail.com,549-866-3721,************9660
94,0,0,Check-Out,7/8/2015,Mrs. Alicia Williams,Mrs..W61@yandex.com,427-564-4927,************4445
87.3,1,1,Check-Out,7/8/2015,Heather Hart,Heather.H@xfinity.com,431-329-6663,************2780
62,0,2,Check-Out,7/15/2015,Diamond Wilson,Wilson.Diamond@comcast.net,870-563-6202,************8017
63.86,0,0,Check-Out,7/16/2015,Paul Williams,Williams_Paul@xfinity.com,789-736-8837,************7006
108.3,0,2,Canceled,5/29/2015,Reginald Cunningham,Reginald_C57@outlook.com,800-249-2144,************5699
65.5,0,0,Check-Out,7/8/2015,Willie Sims,Willie_S@yahoo.com,790-830-7635,************7682
108.8,0,1,Canceled,5/19/2015,Alex Brown,Alex.B@zoho.com,956-737-1944,************4084
108.8,0,1,Canceled,6/19/2015,Virginia Holden,Virginia.H@aol.com,734-480-9929,************8469
98,0,0,Check-Out,7/6/2015,John Smith,John_Smith@xfinity.com,624-965-3392,************6445
108.8,0,1,Check-Out,7/6/2015,Jennifer Barton,JBarton@hotmail.com,902-792-8048,************2544
108.8,0,0,Canceled,5/23/2015,Richard Holt,Richard.Holt@hotmail.com,517-420-6344,************7544
137,0,1,Check-Out,7/7/2015,Amy Green,Amy.Green56@gmail.com,858-208-4589,************3073
117.81,0,0,Canceled,5/18/2015,Kimberly Perez,Perez.Kimberly84@hotmail.com,320-615-3590,************4653
79.5,0,0,Check-Out,7/7/2015,Carly Armstrong,CArmstrong@mail.com,521-784-3601,************7391
123,0,0,Check-Out,7/7/2015,Scott Hammond,ScottHammond41@verizon.com,632-108-8350,************4823
137,0,1,Check-Out,7/7/2015,Debra Fuller,Debra.Fuller@protonmail.com,229-134-3710,************3550
110.7,0,2,Check-Out,7/9/2015,Rachel Davis,RachelDavis@mail.com,549-261-2558,************2810
153,0,0,Canceled,6/2/2015,Michael Mccormick,Mccormick.Michael19@aol.com,380-830-9585,************2950
58.95,0,1,Check-Out,7/9/2015,Ann Sullivan,AnnSullivan@att.com,947-577-3720,************4782
82.88,0,2,Check-Out,7/9/2015,Rachel Wallace,Rachel_W79@xfinity.com,870-988-2775,************1133
82.35,0,0,Check-Out,7/9/2015,Carla Ferguson,Carla_Ferguson@att.com,724-910-8709,************8339
119.35,0,1,Check-Out,7/9/2015,Greg Hardin,Hardin_Greg@gmail.com,488-646-3204,************1449
67.58,0,2,Check-Out,7/9/2015,Rachel Ho,Ho_Rachel74@aol.com,338-173-6502,************4642
56.01,0,0,Check-Out,7/13/2015,Elizabeth Joseph,Joseph_Elizabeth@yandex.com,625-613-9890,************5898
110.7,0,0,Check-Out,7/16/2015,Stephen Brown,Stephen.Brown@att.com,154-115-9953,************6842
88.2,1,0,Check-Out,7/3/2015,Scott Ward,Scott_Ward11@hotmail.com,463-281-5751,************2726
147,1,0,Check-Out,7/3/2015,Derrick Bailey,Derrick_Bailey@protonmail.com,709-066-0652,************6401
107,1,2,Check-Out,7/3/2015,Jessica Cole,Jessica_Cole@yahoo.com,179-191-0924,************3609
147,0,0,Check-Out,7/3/2015,Reginald Russo,Russo.Reginald65@comcast.net,765-624-6051,************1221
117.9,0,2,Check-Out,7/3/2015,William Sanchez,William.Sanchez@mail.com,120-215-7905,************2923
123,0,0,Check-Out,7/3/2015,Diane Rose,Diane.Rose@protonmail.com,362-196-5800,************7251
98,0,1,Check-Out,7/4/2015,Nathan Smith,Nathan_Smith@comcast.net,689-649-9029,************4556
117.81,0,0,Check-Out,7/4/2015,Andrew Bullock,AndrewBullock17@hotmail.com,674-443-2397,************4571
135,1,2,Check-Out,7/4/2015,Nancy Mccormick,Nancy.M@protonmail.com,199-421-8585,************7707
133,0,1,Check-Out,7/5/2015,Barbara Cole,Barbara.Cole@hotmail.com,152-786-1085,************6762
58.95,0,0,Check-Out,7/5/2015,Sheri Aguilar,Aguilar.Sheri22@att.com,333-467-7388,************5982
136.33,0,2,Canceled,6/29/2015,Sandra Graham,Sandra_Graham@xfinity.com,141-723-4259,************4525
153,1,0,Check-Out,7/5/2015,Christopher Cabrera,Cabrera.Christopher@yahoo.com,852-612-3076,************8922
110.5,0,0,Check-Out,7/5/2015,Melinda Flores,Flores_Melinda@yahoo.com,419-443-6780,************9114
97,0,0,Check-Out,7/5/2015,Michael Whitehead,Michael.W@mail.com,738-618-2202,************8548
110.3,0,2,Canceled,6/16/2015,Brent Hamilton,Brent.Hamilton15@gmail.com,304-692-3370,************9129
82,0,2,Canceled,6/18/2015,Jessica Bradford,JBradford@outlook.com,207-319-4187,************6345
97,0,1,Canceled,7/3/2015,Marissa Robinson,MarissaRobinson@mail.com,770-855-7071,************8906
73.8,0,1,Canceled,6/12/2015,Jennifer Curry,Jennifer_Curry@hotmail.com,964-722-0569,************2465
91.5,0,0,Check-Out,7/5/2015,Teresa Maldonado,Maldonado_Teresa95@protonmail.com,623-086-5362,************7419
114.5,0,0,Check-Out,7/5/2015,Bryan Perez,BryanPerez@gmail.com,125-111-5926,************7649
110.3,0,0,Canceled,6/9/2015,Timothy Horn,Timothy.H@yandex.com,308-321-9169,************9797
90.9,1,0,Check-Out,7/6/2015,Angela Williams,Angela.Williams@xfinity.com,580-737-9824,************2429
123,0,0,Canceled,5/26/2015,Lee Ramirez MD,LMD@yahoo.com,764-987-4238,************1841
122,0,0,Check-Out,7/7/2015,Allen Hoffman,AHoffman@protonmail.com,387-020-2239,************6785
110.7,1,0,Check-Out,7/7/2015,Michael Yu,Michael_Yu59@comcast.net,648-953-8540,************2015
85.86,0,0,Check-Out,7/11/2015,Anthony Moss,Anthony_Moss18@yandex.com,963-680-1077,************1583
58.95,0,0,Check-Out,7/12/2015,Tony Olson,Tony_O@outlook.com,177-359-1844,************2796
55.68,0,0,Canceled,5/19/2015,Clayton Cowan,Clayton.Cowan31@protonmail.com,504-743-2620,************8621
55.68,0,0,Check-Out,7/13/2015,Mrs. Debra Jackson DDS,DDS_Mrs.@att.com,307-631-6954,************5361
124,0,1,Canceled,6/9/2015,Raymond Young,Young.Raymond92@verizon.com,699-642-7831,************1207
111.15,0,0,Check-Out,7/13/2015,Lisa Schroeder,Schroeder.Lisa@comcast.net,530-765-2207,************6525
134.73,0,0,Check-Out,7/17/2015,Kristin Roberts,Kristin_Roberts56@protonmail.com,697-234-2961,************5111
92.45,0,1,Check-Out,7/17/2015,Howard Williams,Howard_W@outlook.com,725-661-7321,************7698
108.73,0,2,Canceled,4/15/2015,Jennifer Murphy,Murphy.Jennifer59@yandex.com,704-540-0581,************5298
73.8,0,0,Check-Out,7/4/2015,Joshua Delacruz,JoshuaDelacruz@outlook.com,865-382-8535,************7875
98,1,2,Check-Out,7/4/2015,Colleen Murphy,Colleen.Murphy@mail.com,338-111-1480,************2377
131,0,1,Check-Out,7/4/2015,Rebecca Hebert,RHebert34@zoho.com,949-133-1514,************5325
123,0,0,Check-Out,7/4/2015,Robert Campbell,RCampbell@verizon.com,889-737-3353,************8057
94.71,0,0,Check-Out,7/4/2015,Matthew Lang,Lang_Matthew34@hotmail.com,717-746-5383,************9947
123,0,2,Check-Out,7/4/2015,David Mcgee,David_M@aol.com,476-034-9610,************6891
123,0,1,Canceled,5/26/2015,Jill Key,JillKey89@att.com,660-175-9098,************5468
73.8,0,1,Canceled,6/29/2015,Nicole Campbell,NicoleCampbell26@zoho.com,438-796-8267,************2551
117,0,1,Canceled,5/13/2015,James Hill,Hill.James@mail.com,448-162-3076,************1311
196.54,0,1,Check-Out,7/10/2015,Daniel Richard,Daniel_R@xfinity.com,540-499-1735,************9315
99.3,1,2,Check-Out,7/10/2015,Jacob Porter,Porter_Jacob@verizon.com,432-456-4500,************4203
90.95,0,0,Check-Out,7/10/2015,Susan Wilson,Wilson_Susan@comcast.net,253-535-6431,************9666
92.67,0,1,Check-Out,7/7/2015,Barbara Alvarez,Barbara.A87@outlook.com,358-294-6282,************1072
71.55,1,0,Check-Out,7/7/2015,Noah Bowers,NoahBowers@protonmail.com,773-380-8502,************7381
96.49,0,2,Check-Out,7/10/2015,Thomas Morales,Morales.Thomas@att.com,952-506-4281,************6048
85.8,1,2,Check-Out,7/10/2015,Christopher Wilson,Christopher.Wilson@mail.com,189-137-7120,************7117
96.3,0,1,Check-Out,7/11/2015,Marcus Mitchell,Marcus.Mitchell40@hotmail.com,496-320-0970,************5645
163,0,0,Canceled,6/9/2015,Joshua Bailey,JBailey29@aol.com,995-641-6241,************8273
172,0,1,Canceled,5/20/2015,Dennis Weaver,DWeaver@yandex.com,247-140-1235,************5292
110.7,0,1,Canceled,4/22/2015,William Gordon,WilliamGordon@xfinity.com,244-158-4067,************9110
58.95,0,1,Check-Out,7/11/2015,Nicholas Acosta,NAcosta52@gmail.com,879-786-1294,************4489
73.8,0,2,Check-Out,7/11/2015,Angel Smith,Angel_S@zoho.com,777-065-6700,************8689
97,0,2,Check-Out,7/11/2015,Rebecca Brooks,Rebecca.Brooks84@yahoo.com,851-509-5189,************7896
139,0,2,Check-Out,7/11/2015,John Rojas,John_R@gmail.com,817-841-9453,************9251
67.24,0,0,Check-Out,7/11/2015,Julie Rivera,JulieRivera@verizon.com,375-746-1425,************5004
116.5,0,1,Check-Out,7/12/2015,Roberto Watson,Watson.Roberto@xfinity.com,219-113-9337,************6650
96.3,0,1,Canceled,5/12/2015,Joseph Yu,Joseph_Yu48@aol.com,169-899-0305,************1296
123,0,1,Check-Out,7/12/2015,George Campbell,Campbell_George@zoho.com,341-285-3564,************8700
71.55,0,1,Check-Out,7/14/2015,Edwin Norton,Edwin_Norton@aol.com,203-192-1183,************7834
71.55,0,1,Check-Out,7/14/2015,Leslie Lewis,LeslieLewis@xfinity.com,579-451-3893,************7290
149,0,1,Check-Out,7/14/2015,Wendy Adkins,Adkins_Wendy86@gmail.com,855-406-2365,************2163
163,1,0,Check-Out,7/5/2015,Brenda Rodgers,Brenda.Rodgers@xfinity.com,947-400-1398,************4454
79.5,0,0,Check-Out,7/5/2015,Michael Griffin MD,MMD@hotmail.com,321-266-0289,************1445
105,0,0,Canceled,5/29/2015,Todd Cox,Todd.Cox97@verizon.com,980-217-8754,************4279
123,0,0,No-Show,7/4/2015,Linda Anderson,LindaAnderson@att.com,161-412-7478,************7036
73.8,0,2,Canceled,5/13/2015,Sharon Nelson,Nelson_Sharon70@xfinity.com,862-437-9998,************1883
113,0,0,Canceled,6/16/2015,Mario Bennett,Mario_Bennett@hotmail.com,584-994-9131,************5128
0,0,1,Check-Out,7/5/2015,Kristin Campos,Kristin.Campos48@att.com,574-702-2890,************4400
123,0,0,Check-Out,7/5/2015,Tamara Kennedy,Kennedy.Tamara@comcast.net,770-218-7968,************3323
73.8,1,1,Check-Out,7/6/2015,Tiffany Phillips,Tiffany.Phillips@outlook.com,780-067-0965,************5509
114.5,0,0,Check-Out,7/6/2015,Larry Velasquez,LarryVelasquez83@yahoo.com,939-592-8567,************8815
73.8,0,2,Check-Out,7/6/2015,Troy Wolf,Wolf.Troy22@gmail.com,951-206-5844,************7576
73.8,0,1,Check-Out,7/6/2015,Richard Jones,Richard.J@att.com,998-911-5071,************2699
88.2,0,1,Check-Out,7/6/2015,Samantha Porter,Porter.Samantha@protonmail.com,355-960-5246,************1776
97,0,0,Canceled,7/1/2015,Michael Bass,Bass_Michael@att.com,994-189-2675,************8906
85.1,0,0,Check-Out,7/6/2015,Glen Chavez,Chavez_Glen@xfinity.com,702-737-4764,************6113
89,0,0,Check-Out,7/6/2015,Rebecca Jones,Jones_Rebecca@comcast.net,140-142-8767,************5663
80.1,0,0,Check-Out,7/6/2015,Dr. Michael Gallegos,Gallegos_Dr.61@xfinity.com,864-609-4982,************2512
98,0,0,Check-Out,7/6/2015,Veronica Allen,Veronica.A@comcast.net,171-794-8523,************3231
101,1,0,Check-Out,7/6/2015,Mike Anderson,Anderson_Mike50@mail.com,582-743-3948,************1286
97,0,0,Canceled,7/1/2015,James Foster,Foster.James@att.com,941-412-0617,************9670
167,0,1,Check-Out,7/6/2015,Brian Fisher,Brian_Fisher86@comcast.net,460-149-7682,************6637
225,2,0,Check-Out,7/7/2015,Elizabeth Wilson,Elizabeth.W17@zoho.com,957-432-0410,************7590
97,1,0,Check-Out,7/7/2015,Joshua Graham,Joshua.G42@gmail.com,836-923-6657,************9251
87.3,0,2,Check-Out,7/9/2015,Kevin Lee,Kevin.Lee17@verizon.com,606-443-7740,************9268
85.59,1,2,Check-Out,7/10/2015,Eric Pugh,EricPugh@mail.com,908-309-5196,************8507
123,0,0,Check-Out,7/10/2015,Kendra Kent,KKent@comcast.net,772-663-8044,************3052
107,0,0,Check-Out,7/10/2015,Ashley Hall,Hall_Ashley@zoho.com,544-294-5585,************4915
163,0,0,Check-Out,7/11/2015,Rodney Bailey,RBailey@comcast.net,166-043-5989,************6074
82,0,0,Check-Out,7/11/2015,Pamela West,West_Pamela@zoho.com,253-544-6073,************1168
163,0,0,Canceled,6/17/2015,Patrick Curry,PatrickCurry89@att.com,902-943-2896,************3200
105.5,0,0,Canceled,5/1/2015,Stacey Chan,Stacey.C@yandex.com,740-725-8190,************8559
164.2,1,1,Check-Out,7/12/2015,Patricia Serrano,Patricia_S@xfinity.com,137-762-7073,************9521
97.29,0,1,Check-Out,7/12/2015,John Anderson,Anderson_John67@yandex.com,543-200-9275,************5931
114,0,1,Canceled,3/30/2015,Dawn Adams,Dawn.A68@protonmail.com,996-913-7836,************1672
98.4,0,0,Check-Out,7/12/2015,Molly Mclaughlin,Molly.Mclaughlin23@xfinity.com,884-859-4497,************8498
175,1,1,Check-Out,7/14/2015,Amanda Fox,Amanda_Fox@verizon.com,905-024-0862,************8413
63.6,1,2,Check-Out,7/15/2015,Rose Gutierrez,Rose_G65@outlook.com,549-437-1292,************8779
124.45,1,1,Check-Out,7/15/2015,Alexander Bass,Bass_Alexander65@zoho.com,378-238-0167,************1957
110.7,0,0,Check-Out,7/16/2015,Leslie Wilson,LeslieWilson@comcast.net,954-271-5882,************6368
74.07,0,0,Check-Out,7/19/2015,Emily Pennington,EPennington@protonmail.com,468-989-6508,************7209
134.1,0,0,Check-Out,7/19/2015,Mary Mendez,MaryMendez@protonmail.com,939-016-1514,************1356
167,0,0,Check-Out,7/11/2015,Rebecca Price,Rebecca.Price@zoho.com,805-825-8710,************9954
123,0,2,Check-Out,7/10/2015,Diana Mcdowell DDS,DDDS@comcast.net,552-624-5025,************1152
117.81,1,2,Check-Out,7/10/2015,Jennifer Terry,Jennifer_Terry58@outlook.com,831-324-4638,************3696
171.32,0,1,Check-Out,7/10/2015,Andrew Barnett,Andrew.B@yahoo.com,387-017-4651,************2336
210,1,0,Check-Out,7/10/2015,Evelyn Day,Day.Evelyn@outlook.com,909-666-8383,************1007
97,0,2,Check-Out,7/10/2015,Natalie Anderson,Anderson_Natalie@gmail.com,109-008-2223,************3320
117.81,0,2,Check-Out,7/10/2015,Kathryn Morgan,Morgan_Kathryn@mail.com,257-130-2832,************7653
0,0,2,Check-Out,7/6/2015,Stacy Simmons,Stacy.Simmons@comcast.net,221-859-1786,************8761
0,0,0,Check-Out,7/6/2015,Rebecca Reyes,Reyes.Rebecca@xfinity.com,864-063-3615,************9535
131,0,0,Check-Out,7/7/2015,Tracey Hebert,Tracey.Hebert39@xfinity.com,111-308-0722,************5219
98,0,2,Check-Out,7/8/2015,Jessica Cunningham,Jessica_C20@aol.com,151-653-3240,************2684
87.3,1,1,Check-Out,7/8/2015,Stephanie Rodriguez,Stephanie.R@mail.com,492-513-1267,************8024
97,0,1,Check-Out,7/9/2015,Richard Arias,Richard.Arias28@att.com,121-706-9987,************8099
167,0,0,Canceled,6/3/2015,Courtney Barr,Barr.Courtney@mail.com,565-728-6878,************8887
91.5,0,0,Check-Out,7/10/2015,Justin Webb,Justin.W@protonmail.com,438-241-1182,************5014
73.8,0,1,Check-Out,7/10/2015,Audrey Garcia,Audrey.Garcia66@verizon.com,417-006-5431,************4291
123,0,0,Check-Out,7/11/2015,George Mcgee,GeorgeMcgee@comcast.net,593-095-2633,************7953
175,1,0,Check-Out,7/11/2015,Michelle Perez,Michelle.P@xfinity.com,250-829-1432,************8665
117.8,1,1,Check-Out,7/12/2015,Kelly Rogers,Rogers.Kelly@gmail.com,115-960-2405,************8379
117.63,0,0,Check-Out,7/12/2015,Kelly Daniels,Kelly_D@aol.com,411-117-7672,************3541
185,0,0,Check-Out,7/13/2015,Chelsea Wilson,CWilson@yandex.com,668-922-1704,************6386
71,0,1,Canceled,6/26/2015,Nicolas Adams,Nicolas_A@outlook.com,782-435-5260,************5434
47.25,0,0,Check-Out,7/13/2015,Jane Mckinney,Mckinney.Jane@comcast.net,456-520-4308,************6697
151,0,1,Check-Out,7/14/2015,Derrick Washington,Derrick_W94@outlook.com,847-382-3634,************8908
87.3,0,0,Canceled,5/14/2015,Molly Schultz,MSchultz71@hotmail.com,974-292-3185,************9039
120.6,0,1,Check-Out,7/16/2015,Jesse Wright,Jesse.Wright@comcast.net,508-856-4146,************9813
63.86,0,1,Check-Out,7/16/2015,Paula Howard,Paula_Howard@xfinity.com,695-262-6342,************7774
157.1,0,1,Check-Out,7/16/2015,Norman Clark,Norman.C23@hotmail.com,440-687-4171,************2605
91.37,0,2,Check-Out,7/16/2015,Sarah Carter,Sarah.C@comcast.net,804-211-4572,************9997
73,0,0,Check-Out,7/17/2015,Mary Robinson,Robinson_Mary34@att.com,888-249-8421,************1563
110.7,0,0,Check-Out,7/20/2015,Sarah Wong,Sarah.W@protonmail.com,326-587-4615,************3957
93.6,0,0,Check-Out,7/20/2015,Jonathan Torres,Jonathan.T@comcast.net,855-384-8008,************4487
83.5,0,0,Check-Out,7/13/2015,Tammy Delgado,TammyDelgado@comcast.net,706-745-8515,************7117
73.8,0,1,Canceled,5/7/2015,Kimberly Frazier,Frazier.Kimberly@yandex.com,344-108-6833,************5371
82,1,2,Check-Out,7/10/2015,Victoria Herman,VictoriaHerman@zoho.com,636-521-2700,************5995
185.5,0,1,Check-Out,7/10/2015,Abigail Bowers,Abigail_Bowers@yahoo.com,424-006-6247,************4419
0,0,1,Check-Out,7/7/2015,Veronica Howard,VHoward23@gmail.com,111-927-4772,************2370
0,0,1,Check-Out,7/7/2015,Jenna Harrington,Jenna_Harrington@protonmail.com,867-881-8792,************1943
109.8,0,3,Check-Out,7/8/2015,Elizabeth Hendrix,EHendrix@yandex.com,400-915-3410,************9424
195,1,0,Check-Out,7/8/2015,Shannon Tate,Tate.Shannon54@yahoo.com,631-059-6418,************3680
109.8,0,3,Check-Out,7/8/2015,Christopher Briggs Jr.,Christopher_J25@gmail.com,964-874-5359,************2292
193,0,1,Check-Out,7/11/2015,Virginia Jones,Jones.Virginia@zoho.com,554-132-9279,************2645
97,0,2,Check-Out,7/11/2015,Casey Cobb,Casey.Cobb89@outlook.com,271-313-2202,************9122
150,0,1,Check-Out,7/11/2015,Timothy Kim,Timothy.K@xfinity.com,202-231-2444,************3446
98,0,0,Check-Out,7/11/2015,Daniel Gilbert,DGilbert@xfinity.com,745-933-4870,************8757
91.5,0,0,Canceled,5/28/2015,Cheryl Adams,CAdams@outlook.com,191-005-2632,************8645
139,0,2,Canceled,4/13/2015,Luis Grant,Luis_Grant@aol.com,678-415-9913,************6817
79.5,0,0,Check-Out,7/14/2015,Kevin Blankenship,Kevin.B@gmail.com,615-321-3635,************3700
47.25,0,0,Canceled,3/25/2015,Roberto Wolfe,RWolfe@yahoo.com,257-539-3194,************7375
126.65,0,1,Check-Out,7/21/2015,Lance Lopez,LLopez@verizon.com,966-516-2035,************1417
107,0,1,Check-Out,7/11/2015,Robert Baker,RBaker@zoho.com,304-566-1032,************5253
131,1,2,Check-Out,7/12/2015,Brianna Malone,Malone.Brianna70@comcast.net,586-419-6920,************3735
131,1,1,Check-Out,7/12/2015,Paul Wilson,Paul_Wilson@gmail.com,513-917-6799,************9836
123,0,1,Canceled,5/28/2015,Derek Peterson,DPeterson@xfinity.com,231-825-5365,************5164
146,0,1,Check-Out,7/12/2015,Brian Greene,Greene_Brian@comcast.net,185-289-7027,************7306
110.7,0,1,Check-Out,7/12/2015,Seth Marshall,Seth_M@att.com,864-764-3237,************5268
73.8,0,1,Canceled,6/29/2015,Sarah Wagner,Wagner.Sarah@yandex.com,255-727-3402,************1359
61,0,0,Check-Out,7/9/2015,Michael Rivas,Rivas_Michael63@xfinity.com,731-847-6372,************8558
104.72,0,1,Canceled,7/8/2015,Amanda Myers,AmandaMyers@att.com,692-752-0185,************8187
104.72,0,1,Canceled,7/8/2015,Joshua Patrick,JoshuaPatrick@xfinity.com,868-836-9111,************9404
104.72,1,1,Check-Out,7/10/2015,Martin Mcknight,Mcknight.Martin17@comcast.net,880-037-2943,************5090
66.42,0,1,Canceled,5/28/2015,Robert Wagner,Robert_Wagner78@att.com,214-203-7077,************7287
77.96,1,1,Check-Out,7/14/2015,Leah Payne,Leah_Payne26@yahoo.com,547-173-4121,************7465
112,0,1,Canceled,4/15/2015,Victoria Stewart,VictoriaStewart31@yahoo.com,286-727-0925,************7329
107,0,1,Check-Out,7/15/2015,Mr. Ryan Wright,MWright51@aol.com,322-031-8553,************7002
89.68,0,0,Check-Out,7/15/2015,William Duncan,William.Duncan26@hotmail.com,258-818-1494,************8367
155,0,0,Check-Out,7/15/2015,Jonathan Kelly,Kelly_Jonathan@zoho.com,818-429-6070,************9034
112,0,1,Check-Out,7/16/2015,Erik Young,EYoung@gmail.com,861-177-8420,************1904
130.1,0,3,Check-Out,7/17/2015,Brittany Smith,BSmith32@yandex.com,808-777-1340,************5801
100.1,0,2,Check-Out,7/17/2015,Jennifer Oliver,Jennifer.Oliver@outlook.com,400-377-8953,************3905
123,0,3,Check-Out,7/10/2015,Jennifer Cunningham,Jennifer.Cunningham@comcast.net,410-916-8076,************9435
124,1,1,Check-Out,7/11/2015,Judy Lucero,Judy.Lucero94@protonmail.com,810-207-7781,************5499
146,1,0,Check-Out,7/11/2015,Stephanie Mccoy,Mccoy_Stephanie@zoho.com,856-389-4559,************8631
97,0,0,Canceled,6/2/2015,Amy Lee,AmyLee70@att.com,487-969-0276,************9252
123,0,1,Canceled,6/16/2015,Phyllis Dunn,PDunn@aol.com,323-363-3142,************2897
153,0,0,Canceled,6/16/2015,Joseph Nichols,Joseph.N@yahoo.com,356-443-7988,************1886
82,0,2,Check-Out,7/12/2015,Robert Gonzalez,RobertGonzalez@hotmail.com,313-497-8939,************8826
105.08,0,0,Canceled,6/23/2015,Jenna Castillo,Castillo.Jenna@yahoo.com,928-974-9546,************5866
65.42,0,0,Canceled,6/27/2015,Karen Harris,Karen_H@protonmail.com,792-593-6138,************4088
98,0,1,Check-Out,7/13/2015,Kristen Williams,Kristen.Williams@protonmail.com,421-586-4415,************2999
75.46,1,1,Check-Out,7/14/2015,Bradley Dickson,Dickson_Bradley@yahoo.com,189-235-1026,************6371
65.5,0,0,Check-Out,7/14/2015,Rodney Ford,RodneyFord39@mail.com,217-265-5429,************5853
90.95,0,0,Check-Out,7/16/2015,Christopher Giles,CGiles29@comcast.net,384-250-2031,************8657
93.6,0,0,Check-Out,7/16/2015,Tracy Escobar,Tracy.Escobar85@gmail.com,633-436-5830,************9203
119.25,0,0,Check-Out,7/16/2015,Tracy Johnson,TJohnson85@hotmail.com,544-165-5069,************1563
134.73,0,0,Check-Out,7/16/2015,Mark Cox MD,MarkMD62@mail.com,515-974-2223,************8211
112,0,1,Check-Out,7/16/2015,Brooke Martin,BMartin@aol.com,188-464-0257,************4539
118.13,0,2,Canceled,5/13/2015,Victoria Vargas,Vargas.Victoria86@mail.com,157-480-0120,************4334
131,0,0,Check-Out,7/11/2015,Amanda Johnson,Amanda_Johnson30@att.com,660-317-3148,************7967
88.2,0,0,Check-Out,7/12/2015,Kevin Wu,Kevin.Wu@xfinity.com,841-768-8185,************7687
73.8,0,1,Check-Out,7/12/2015,Thomas Johnson,TJohnson28@mail.com,366-028-0992,************3010
98,0,0,Check-Out,7/12/2015,Jamie Smith,JSmith@gmail.com,657-992-2925,************1377
110.5,0,1,Check-Out,7/12/2015,Brianna Montgomery,Montgomery.Brianna@xfinity.com,720-949-2293,************9305
131,0,1,Check-Out,7/12/2015,Marie Sullivan,MarieSullivan@yahoo.com,514-614-7652,************5579
185,1,1,Check-Out,7/12/2015,Aaron Miller,Aaron_Miller@hotmail.com,172-367-8367,************5513
87.3,0,2,Check-Out,7/12/2015,Roy Murphy,RMurphy52@yahoo.com,231-300-5662,************7716
73.8,0,1,Check-Out,7/12/2015,Catherine Chan DDS,Catherine_DDS@comcast.net,289-972-2718,************3929
120,0,1,Check-Out,7/13/2015,Amy Khan,Amy.Khan@zoho.com,525-397-8737,************7377
98,0,1,Check-Out,7/13/2015,Joshua Sullivan,Joshua_Sullivan@comcast.net,151-760-5294,************5389
96.3,0,2,Check-Out,7/13/2015,Brooke Mccarty,Brooke.Mccarty@protonmail.com,679-028-8706,************9589
197,0,1,Check-Out,7/14/2015,Kelsey Herman,Herman.Kelsey34@mail.com,975-614-7112,************1538
197,0,1,Check-Out,7/14/2015,Dakota Ponce,DakotaPonce45@yandex.com,909-908-7981,************6436
123,0,0,Canceled,6/29/2015,Dawn Frost,Frost.Dawn@verizon.com,335-002-8727,************8391
82,0,2,Check-Out,7/15/2015,Cynthia Meadows,CMeadows@hotmail.com,479-770-5950,************3037
165,1,3,Check-Out,7/15/2015,Patrick Wood,Patrick.W@mail.com,595-110-6891,************3555
149.4,0,0,Check-Out,7/15/2015,Patricia Green,Green.Patricia@aol.com,554-568-3298,************9086
106.84,1,2,Check-Out,7/17/2015,Diane Brown,Diane_B@xfinity.com,775-172-3008,************8666
161,1,1,Check-Out,7/17/2015,Michael Gibson,MGibson36@hotmail.com,251-345-2664,************2795
134.43,0,2,Check-Out,7/17/2015,Christopher Daniel,Christopher_D99@yahoo.com,489-846-4333,************7831
144.43,1,2,Check-Out,7/17/2015,Brandon Beck,Brandon_B51@xfinity.com,342-274-5500,************3383
152,0,0,Check-Out,7/17/2015,Jesse Salazar,Jesse.S@yandex.com,636-161-4607,************7184
125.54,0,3,Check-Out,7/17/2015,Faith Davis,FaithDavis@yahoo.com,400-009-5678,************5276
133.83,0,2,Check-Out,7/17/2015,Richard Ferguson,RFerguson@protonmail.com,907-285-6596,************2049
159.75,1,0,Check-Out,7/18/2015,Jimmy Burch,Jimmy.Burch21@yahoo.com,845-796-0670,************6133
120.6,0,2,Check-Out,7/19/2015,Kyle Singh,Singh_Kyle@hotmail.com,534-089-2176,************9515
112.2,0,0,Check-Out,7/20/2015,Tammy Hill,Hill_Tammy@zoho.com,296-377-6859,************8672
110.6,0,0,Check-Out,7/21/2015,Teresa Parrish,Parrish_Teresa@gmail.com,999-248-4556,************7710
105.9,0,0,Check-Out,7/23/2015,Mrs. Shannon Riggs,Riggs.Mrs.@mail.com,811-761-4010,************1148
95.27,0,3,Check-Out,7/17/2015,Cody Smith,Smith.Cody@comcast.net,267-910-2501,************4136
108.83,0,1,Check-Out,7/17/2015,Stephen Dickerson,Stephen_Dickerson@att.com,139-462-8029,************2092
153.96,0,0,Canceled,5/29/2015,Kimberly Olson,Kimberly.Olson@xfinity.com,995-876-8158,************7967
120.6,0,0,Check-Out,7/16/2015,Ashley Smith,Smith.Ashley45@gmail.com,762-466-8907,************1444
90.67,0,1,Check-Out,7/17/2015,Alec Johnson,Alec.Johnson67@yahoo.com,328-233-6698,************3622
126.67,0,0,Canceled,6/8/2015,Jasmin Schultz,Jasmin.Schultz@outlook.com,880-452-9834,************8319
144.4,0,1,Check-Out,7/17/2015,Henry Atkins,HAtkins@mail.com,789-073-1989,************3857
99.5,1,2,Check-Out,7/17/2015,Stephen Banks,Stephen.B83@gmail.com,810-088-3060,************5829
139.4,0,1,Check-Out,7/18/2015,Ashley Vasquez,Ashley_Vasquez@yandex.com,354-402-0741,************9359
73.8,0,1,Canceled,4/22/2015,Michael Cline,Michael.C@mail.com,549-770-1668,************4140
89.97,0,1,Check-Out,7/15/2015,Craig Oconnor,Oconnor_Craig@verizon.com,954-933-8330,************6956
123,0,0,Check-Out,7/15/2015,Michael Johnson,Michael.Johnson@outlook.com,122-626-4644,************7241
123,0,0,Check-Out,7/15/2015,James Jacobs,JJacobs70@hotmail.com,409-257-4183,************6248
123,0,0,Check-Out,7/12/2015,Zachary Kelly,Zachary_Kelly@yandex.com,812-444-6462,************4187
144.9,0,1,Check-Out,7/12/2015,Raymond Hawkins,Raymond_Hawkins@verizon.com,461-154-1148,************4807
153,0,0,Check-Out,7/12/2015,Phillip Allen,Phillip_A@att.com,617-143-2263,************3693
131,0,1,Check-Out,7/12/2015,Adam Day,AdamDay@mail.com,241-688-1550,************6428
100,1,0,Check-Out,7/13/2015,Lisa Morgan,LMorgan@hotmail.com,645-017-6780,************3449
65.5,0,0,Check-Out,7/13/2015,Brian Williams,Williams.Brian@comcast.net,860-802-1878,************4307
123,0,1,Check-Out,7/13/2015,Dr. Stephanie Martinez,Dr._Martinez@hotmail.com,944-834-8960,************3751
123,0,0,Check-Out,7/14/2015,James Bentley,James_Bentley@xfinity.com,774-521-8062,************5020
131,0,0,Check-Out,7/14/2015,Jessica Day,Jessica.Day@yahoo.com,955-149-9915,************8897
104.68,1,0,Check-Out,7/18/2015,Douglas Cordova MD,Douglas.MD@protonmail.com,159-873-7113,************2581
166,0,0,Check-Out,7/18/2015,Anthony Stein,Anthony_Stein43@comcast.net,929-530-7861,************5577
111.25,0,2,Canceled,5/19/2015,Michael Reed,MReed19@protonmail.com,345-673-4058,************9309
213.75,0,0,Check-Out,7/19/2015,Tina Andrews,Tina_Andrews@aol.com,158-054-6096,************8759
178,1,0,Check-Out,7/21/2015,Peggy Woods,Woods_Peggy@mail.com,293-514-6149,************3253
113.9,0,1,Check-Out,7/18/2015,Lucas Davis,Davis.Lucas@mail.com,203-046-2797,************3971
129.29,1,0,Check-Out,7/18/2015,Natasha Blankenship,NBlankenship@aol.com,776-972-7584,************1509
153,1,0,Check-Out,7/13/2015,Allison Jimenez,Allison_J76@gmail.com,898-848-5580,************8095
98,1,2,Check-Out,7/13/2015,Tonya Taylor,TonyaTaylor81@outlook.com,709-065-1399,************3483
169,1,2,Check-Out,7/18/2015,Jennifer Higgins,Higgins.Jennifer@yandex.com,669-803-3888,************6969
93,0,2,Canceled,5/12/2015,Glenn Love,Love_Glenn33@zoho.com,185-118-9346,************4196
132.29,0,0,Check-Out,7/19/2015,Joshua Salinas,Salinas.Joshua32@aol.com,292-065-4807,************1428
123,0,1,Check-Out,7/19/2015,Jennifer Allen,JAllen93@yahoo.com,599-009-6464,************1622
117.22,0,1,Check-Out,7/12/2015,Mary Daniels,Mary_D@comcast.net,356-149-7780,************9366
149,0,1,Check-Out,7/19/2015,Katelyn Mendoza,Katelyn_Mendoza@outlook.com,856-983-3492,************2302
164.57,0,1,Canceled,6/29/2015,Derrick Snyder,Snyder_Derrick@outlook.com,661-734-9784,************9139
107,0,0,Check-Out,7/19/2015,Thomas Watkins,Thomas_Watkins52@yandex.com,382-722-2380,************2430
117.22,1,2,Check-Out,7/19/2015,Timothy Pierce,Pierce_Timothy86@verizon.com,912-002-7378,************3201
119.25,0,0,Check-Out,7/19/2015,Gregory Green,Gregory_Green32@comcast.net,191-347-7868,************7236
123,0,0,Check-Out,7/19/2015,Taylor Gordon,TaylorGordon94@zoho.com,458-613-5796,************2456
105.71,0,0,Canceled,7/3/2015,Adam Blackwell,Adam.B77@yahoo.com,221-635-5515,************8772
123,0,1,Check-Out,7/19/2015,Arthur Evans,Arthur_Evans@comcast.net,771-489-6681,************6974
144.43,1,2,Check-Out,7/19/2015,Hunter Adkins,Hunter_Adkins97@att.com,378-088-8124,************7836
126,0,1,Canceled,6/19/2015,Kyle Brown,Kyle_Brown@verizon.com,794-954-2976,************3719
148.3,1,2,Check-Out,7/21/2015,Rebecca Pittman,Rebecca_P@yandex.com,253-746-5468,************3124
125.22,0,1,Check-Out,7/21/2015,Mrs. Peggy Martinez DVM,Mrs.DVM54@outlook.com,388-997-8210,************1232
123,0,0,Check-Out,7/23/2015,Rachel Dillon,Rachel_D@aol.com,948-815-9694,************7515
130,1,1,Check-Out,7/23/2015,Nancy White,NancyWhite@att.com,463-553-9686,************9376
133.16,0,1,No-Show,7/12/2015,Jamie Ramirez,Ramirez_Jamie22@aol.com,268-823-5667,************7600
78.84,0,0,Check-Out,7/19/2015,Maxwell Adams,Adams_Maxwell@outlook.com,748-235-2793,************6352
80.1,0,0,Check-Out,7/13/2015,Donald Hamilton,DHamilton@zoho.com,377-326-9224,************9307
193,0,1,Check-Out,7/14/2015,Ronald Alvarez,Alvarez_Ronald@yandex.com,712-213-1509,************6596
88.2,0,0,Check-Out,7/14/2015,John Petersen,John_P@verizon.com,863-704-8985,************8778
90.71,0,0,Check-Out,7/14/2015,Samuel Nguyen,Samuel.Nguyen23@verizon.com,621-145-7070,************3557
114.5,0,1,Check-Out,7/14/2015,Justin Carter,JCarter47@mail.com,184-296-7379,************3146
120.2,0,1,Check-Out,7/14/2015,Ronald Donovan,RDonovan@verizon.com,303-770-7261,************3876
79.5,0,0,Check-Out,7/15/2015,Jon Smith DDS,JonDDS@outlook.com,776-802-7867,************8481
117.9,0,3,Check-Out,7/15/2015,John Miller,JohnMiller90@gmail.com,789-680-3015,************9519
128,0,0,Canceled,6/22/2015,Charles Taylor,Charles_Taylor@gmail.com,726-694-8069,************3793
90.95,0,0,Check-Out,7/16/2015,Bryan Phillips,Bryan.P@aol.com,882-418-3762,************7080
107,0,2,Check-Out,7/16/2015,Gregory Gilbert,GGilbert@yandex.com,662-975-7938,************9238
130.05,1,1,Check-Out,7/16/2015,Linda Henry,Henry.Linda@gmail.com,563-683-3669,************4859
123,0,0,Check-Out,7/17/2015,Dominique Weber,Dominique.Weber@verizon.com,164-956-4026,************1008
103.8,0,0,No-Show,7/12/2015,Brianna Sullivan,Brianna.S86@xfinity.com,851-650-1614,************4355
196,0,1,Check-Out,7/17/2015,Johnathan Richards,JohnathanRichards30@att.com,518-499-7742,************5562
149.4,1,0,Check-Out,7/17/2015,Jonathan Riley,Riley.Jonathan@mail.com,487-119-8429,************6312
175.71,0,0,Check-Out,7/20/2015,Brandon Villegas,Villegas_Brandon@xfinity.com,187-274-2464,************6654
119.7,0,2,Check-Out,7/20/2015,Jennifer Moody,Jennifer.Moody@att.com,277-109-7026,************4022
100.86,0,1,Canceled,5/13/2015,Gary Boyle,Gary.B@yahoo.com,382-657-4702,************5163
100.86,0,0,Check-Out,7/20/2015,David Dyer,Dyer.David@yandex.com,347-074-0787,************2368
82,0,3,Check-Out,7/15/2015,Bryan Brown,BBrown@yahoo.com,585-554-3149,************3672
73.8,0,1,Check-Out,7/15/2015,Brittney West,Brittney_West@outlook.com,806-751-8607,************3613
117.9,1,0,Check-Out,7/15/2015,Robert Serrano,Serrano_Robert@outlook.com,752-827-6726,************7468
82,0,3,Check-Out,7/15/2015,James Palmer,James.Palmer54@hotmail.com,137-613-1969,************6871
150,0,0,Check-Out,7/15/2015,Micheal Randolph,MichealRandolph@comcast.net,533-493-2373,************2161
161,1,2,Check-Out,7/15/2015,Shannon Wilcox,Shannon_W89@yandex.com,325-997-9199,************4597
64,0,2,Check-Out,7/15/2015,Brian Brown,Brown_Brian28@protonmail.com,382-628-6300,************8822
123,0,0,Canceled,6/18/2015,Kenneth Powell,Kenneth_Powell16@mail.com,351-769-8315,************7596
110,1,0,Check-Out,7/16/2015,Maria Murray,MariaMurray@yandex.com,896-837-3430,************2686
88.2,1,1,Check-Out,7/16/2015,Jennifer Villegas,JVillegas@xfinity.com,637-854-4910,************9123
130,1,0,Check-Out,7/16/2015,Joseph Marshall,Marshall_Joseph@yandex.com,726-013-2955,************5137
88.2,0,1,Check-Out,7/16/2015,Alexander Allen,Allen.Alexander@comcast.net,126-088-3319,************1553
165,1,1,Check-Out,7/16/2015,Johnny Brooks,Brooks_Johnny44@hotmail.com,263-807-8149,************4594
114,0,0,Check-Out,7/17/2015,Alicia Jackson,Jackson_Alicia65@hotmail.com,356-087-2004,************4064
79.5,0,0,Canceled,6/24/2015,Teresa Moore,TeresaMoore86@protonmail.com,919-581-2832,************4132
132.8,0,1,Canceled,3/5/2015,Teresa Campbell,Campbell.Teresa@verizon.com,106-766-0848,************2254
120,0,2,Check-Out,7/18/2015,Richard Trevino,Trevino.Richard80@zoho.com,864-641-3360,************1304
79.5,0,0,Canceled,5/23/2015,Roger Johnson,Roger_J@protonmail.com,935-381-8233,************3314
120,0,0,Check-Out,7/18/2015,Jamie Johnson,JamieJohnson52@comcast.net,784-166-3367,************7084
144.2,0,1,Canceled,6/22/2015,Thomas Todd,Thomas.Todd@outlook.com,637-141-1710,************5093
107.2,0,0,Check-Out,7/18/2015,Debra Cabrera,Cabrera_Debra@aol.com,268-812-1776,************4835
120,0,0,Canceled,6/1/2015,Anthony Lewis Jr.,Anthony.J@gmail.com,800-613-9844,************4699
120,0,2,Check-Out,7/18/2015,Steven Smith,Smith_Steven@verizon.com,905-344-3651,************7008
163.8,0,1,Check-Out,7/18/2015,Alexander Mejia,AMejia@gmail.com,233-782-4970,************1870
98.5,0,2,Canceled,4/24/2015,Ethan Salas,Salas_Ethan88@hotmail.com,885-995-2297,************2357
130.5,0,0,Canceled,5/12/2015,Daniel Malone,Daniel.Malone@zoho.com,617-541-7611,************8232
153,0,0,Check-Out,7/19/2015,Dustin Luna,Luna_Dustin@comcast.net,506-258-0734,************9091
98.5,0,2,Check-Out,7/19/2015,Robert Leonard,Robert_Leonard@outlook.com,893-906-1359,************8429
119.7,0,2,Check-Out,7/20/2015,Michael Adams,Adams.Michael@xfinity.com,576-225-1878,************9661
184.6,0,1,Check-Out,7/20/2015,Jennifer Hayes,Hayes.Jennifer18@verizon.com,824-734-2920,************8519
181.22,0,2,Check-Out,7/20/2015,Kevin Chang,Chang_Kevin@att.com,332-337-4802,************7548
100.86,0,1,Canceled,4/15/2015,Joanna Schmidt,Joanna.Schmidt38@outlook.com,125-614-2098,************9712
100.2,1,3,Check-Out,7/14/2015,Ronald Richard,Ronald_R@xfinity.com,872-748-4584,************1399
134.25,1,0,Check-Out,7/17/2015,Monica Gibbs,Monica.G@att.com,662-170-0797,************7513
96.3,0,0,Check-Out,7/21/2015,James Deleon,James.D44@xfinity.com,635-151-1680,************1569
83.09,0,2,Check-Out,7/22/2015,Shannon Cook,Shannon.C80@protonmail.com,489-190-8501,************6613
105.5,0,0,Canceled,7/3/2015,Maria French,French_Maria94@gmail.com,425-626-1279,************9297
134,0,0,Check-Out,7/15/2015,Stephanie Williams,Stephanie.W83@gmail.com,927-634-9275,************3887
8,0,1,Check-Out,7/15/2015,Barbara Gomez,Barbara_Gomez56@outlook.com,578-560-8202,************9731
146,1,1,Check-Out,7/16/2015,Julian Tucker,Julian_T58@gmail.com,151-001-7822,************6479
126,0,2,Canceled,5/27/2015,Sheena Humphrey,Sheena.Humphrey83@xfinity.com,913-003-3861,************3937
111.15,0,1,Check-Out,7/18/2015,Mr. Jeffrey Thompson DDS,Mr._D@yahoo.com,201-901-1525,************2348
136.2,0,2,Check-Out,7/19/2015,Jessica Johnson,Jessica.Johnson@aol.com,113-143-0063,************6035
101.8,0,0,Check-Out,7/19/2015,Michael Nguyen,Nguyen_Michael@att.com,688-631-2814,************9987
127,0,1,Check-Out,7/20/2015,Carol Bowen,Bowen_Carol59@outlook.com,485-581-8769,************6277
161.5,0,2,Check-Out,7/20/2015,Lisa Fields MD,Lisa.M@yahoo.com,263-372-7831,************4615
230.67,1,2,Check-Out,7/20/2015,Lauren Cain,Cain_Lauren@comcast.net,390-655-9656,************1118
65.7,0,1,Canceled,4/6/2015,Christine Norman,Norman_Christine@comcast.net,296-862-9904,************3501
180,1,2,Check-Out,7/21/2015,Michael Anderson,Michael_A50@protonmail.com,248-242-1858,************2171
168.57,0,1,Check-Out,7/21/2015,Christopher Holder,ChristopherHolder30@aol.com,636-727-3303,************4769
107.67,0,1,Canceled,4/11/2015,Donald Jones,Donald.Jones24@mail.com,685-906-6304,************5857
96.9,0,1,Canceled,4/11/2015,Lindsay Martinez DVM,Lindsay.D21@yahoo.com,744-161-3675,************9389
107,0,1,Check-Out,7/23/2015,Michael Rodriguez,Michael_R@comcast.net,937-255-4154,************5080
73.41,0,0,Check-Out,7/25/2015,Mr. Joseph Horne,MHorne@zoho.com,818-312-8127,************8696
109.9,0,2,Check-Out,7/28/2015,Kyle Perez,Kyle.P@protonmail.com,352-342-5014,************4180
109.9,0,2,Check-Out,7/28/2015,Wendy Moore MD,WMD55@comcast.net,382-524-0142,************8537
187.5,1,3,Check-Out,7/29/2015,James Cobb,JamesCobb@xfinity.com,322-920-5616,************9702
134,0,0,Check-Out,7/15/2015,Brian Chang,Brian.Chang@yandex.com,178-366-4362,************1565
91.5,0,0,Canceled,7/3/2015,Michael King,Michael.King@aol.com,789-808-1750,************2985
132.44,0,0,Canceled,6/27/2015,Samuel Holmes,Holmes_Samuel34@zoho.com,306-367-8014,************1333
106.9,0,0,Check-Out,7/21/2015,Joseph Rogers MD,Joseph_MD94@outlook.com,131-388-6677,************4175
131.86,0,0,Canceled,6/25/2015,Zachary Lara,Zachary.L@protonmail.com,973-213-3367,************7986
216.13,1,0,Check-Out,7/23/2015,Juan Robles,Robles.Juan@att.com,282-222-5284,************2697
107,0,0,Check-Out,7/17/2015,Brandi Martin,Martin.Brandi90@hotmail.com,666-195-9194,************6151
107,0,0,Check-Out,7/17/2015,Joanna Cooper,Joanna.Cooper@mail.com,375-123-4076,************5315
107,0,0,Check-Out,7/17/2015,Ethan Dodson,Ethan_Dodson51@gmail.com,258-743-8087,************4173
107,0,0,Check-Out,7/17/2015,Jacob Winters,Winters_Jacob@xfinity.com,966-684-9033,************6234
107,0,0,Check-Out,7/17/2015,Nicholas Mendoza,Mendoza_Nicholas@gmail.com,219-498-6586,************2201
190.33,0,1,Check-Out,7/24/2015,Charles King,CKing@outlook.com,772-873-4486,************3481
107,0,0,Check-Out,7/17/2015,Tony Dean,Tony_Dean@aol.com,803-516-2015,************9376
94,0,0,Check-Out,7/17/2015,Deborah Young,Deborah_Y@outlook.com,579-564-8468,************6775
0,0,0,Canceled,7/13/2015,Taylor Smith,Taylor_S@aol.com,456-469-4387,************6723
98.75,0,0,Check-Out,7/17/2015,James Franklin,JamesFranklin@gmail.com,157-186-8439,************9265
148.23,0,0,Check-Out,7/17/2015,Jeffrey Duncan,JDuncan@mail.com,183-022-0578,************6323
94,0,0,Check-Out,7/17/2015,Isaiah Orr,Isaiah.Orr@zoho.com,898-242-9723,************3636
107,0,0,Check-Out,7/17/2015,Maria Rogers,MRogers@mail.com,961-949-7603,************5941
107,0,0,Check-Out,7/17/2015,Michael Smith,Michael.S@aol.com,615-796-2773,************6994
148.23,0,0,Check-Out,7/17/2015,Dr. Michael Zhang,Dr..Zhang@outlook.com,650-415-5520,************3970
0,0,0,Check-Out,7/17/2015,Sara Wood,Sara_Wood52@aol.com,290-868-9155,************2436
107,0,0,Check-Out,7/17/2015,Erin Underwood,Underwood.Erin70@att.com,913-420-5504,************5341
107,0,0,Check-Out,7/17/2015,Laura Rich,LauraRich92@gmail.com,674-300-1092,************3380
107,0,0,Check-Out,7/17/2015,Debbie Jones,Jones_Debbie@xfinity.com,619-993-4495,************4154
107,0,0,Check-Out,7/17/2015,Susan Blair,Susan.B@outlook.com,929-325-4830,************8841
98.75,0,0,Check-Out,7/17/2015,Omar Mccoy,Omar_Mccoy@yandex.com,991-887-0022,************9990
195,0,1,Canceled,7/2/2015,Ricky Orozco,Orozco.Ricky@comcast.net,924-128-2503,************6827
120.6,0,1,Check-Out,7/18/2015,Samantha Gonzalez,Samantha_Gonzalez33@aol.com,457-997-2327,************4297
123.2,0,0,Check-Out,7/17/2015,Benjamin Peterson,Benjamin_P82@verizon.com,833-101-6040,************5414
112,0,0,Canceled,6/5/2015,Leslie Jenkins,Jenkins_Leslie87@verizon.com,378-481-8067,************7255
123.2,0,0,Canceled,7/16/2015,Lisa Koch,Koch.Lisa@mail.com,888-697-2759,************2200
169,1,1,Check-Out,7/17/2015,Diane Collins,Diane_Collins@att.com,468-033-4296,************1154
198,1,0,Check-Out,7/18/2015,Melissa Delgado,Melissa_D@comcast.net,754-338-3275,************1133
103.5,0,1,Canceled,7/2/2015,Elizabeth Kelley,Elizabeth.Kelley@comcast.net,244-544-1587,************8727
135.6,0,1,Check-Out,7/18/2015,Rebecca Decker,Rebecca.Decker@yahoo.com,803-701-5660,************9371
103.5,0,1,Check-Out,7/18/2015,David Lewis,Lewis_David67@aol.com,972-030-2721,************6860
184,1,0,Check-Out,7/19/2015,Brian Randall,Brian.R@hotmail.com,864-532-3052,************2828
134,0,0,Canceled,7/13/2015,Christopher Hill,Christopher.Hill@aol.com,270-286-4631,************8781
147,0,0,Canceled,6/19/2015,Kevin Kelley,Kevin.Kelley22@mail.com,605-370-9811,************5578
151.33,0,0,Canceled,6/30/2015,Douglas Griffin,Douglas_G@yahoo.com,274-198-6087,************8596
121.33,0,1,Check-Out,7/19/2015,Jaime Mann,JMann@att.com,426-287-4217,************8534
150.2,0,1,Check-Out,7/21/2015,David Snyder,David.S@hotmail.com,136-077-5367,************1162
139,0,0,Canceled,7/7/2015,David Burns,Burns_David@protonmail.com,756-394-7896,************2266
150.2,0,1,Check-Out,7/21/2015,Andre Chang,Andre_Chang34@att.com,851-736-8750,************2846
75.44,0,1,Check-Out,7/20/2015,David Williams,Williams.David@hotmail.com,109-481-0628,************8652
135,0,0,Canceled,6/13/2015,Tyrone Berry,Tyrone_Berry@gmail.com,497-356-9108,************2879
166,0,1,Check-Out,7/22/2015,Karen Pearson,Pearson.Karen@zoho.com,881-064-6304,************3108
135,0,0,Canceled,6/11/2015,Amanda Hernandez,Amanda_Hernandez@att.com,759-661-7668,************7313
130,0,0,Check-Out,7/23/2015,Donna Carpenter,DonnaCarpenter@zoho.com,360-842-0143,************9493
96.3,0,0,Check-Out,7/24/2015,Andrew Compton,Andrew_C@gmail.com,405-771-3499,************8820
160,0,0,Check-Out,7/30/2015,Mary Wilson,Mary_W@verizon.com,531-690-2903,************5082
0,0,1,Check-Out,7/17/2015,Elizabeth Andrews,Andrews.Elizabeth@zoho.com,173-916-1509,************3876
127.25,0,1,Check-Out,7/19/2015,Charles Trujillo,Trujillo_Charles@yandex.com,139-999-4078,************6468
164,0,2,Check-Out,7/19/2015,Melissa Bryant,Melissa_B@verizon.com,852-385-7791,************7088
144.5,0,0,Check-Out,7/19/2015,Joe Smith,Joe_S46@protonmail.com,686-204-5384,************8283
112,0,0,Check-Out,7/19/2015,Bianca Robinson,Robinson.Bianca@zoho.com,151-297-9917,************4004
134,0,1,Canceled,7/6/2015,Paula Robles,PRobles@comcast.net,536-967-5212,************9944
127.25,0,1,Canceled,7/13/2015,Cheryl Reyes,CherylReyes@mail.com,396-044-9712,************7066
155.5,1,0,Check-Out,7/19/2015,Jordan Fleming,Jordan.F12@att.com,267-216-2614,************8621
110.5,0,1,No-Show,7/17/2015,Troy Morales,Troy_M@zoho.com,376-268-7634,************1174
144.5,0,0,Check-Out,7/19/2015,Mark Norman,Mark.N@aol.com,693-436-8202,************7975
144.5,0,0,Check-Out,7/19/2015,Andrew Burch,Andrew_Burch80@xfinity.com,775-821-7592,************9019
123,0,0,Check-Out,7/19/2015,Angie Carter,Angie.C@zoho.com,316-970-1612,************1357
120.6,0,1,Check-Out,7/19/2015,Daniel Small,Daniel.Small@att.com,622-163-5016,************4116
107.6,0,0,No-Show,7/17/2015,Tiffany George,Tiffany_George@att.com,242-036-1745,************4121
120.6,0,1,Canceled,7/4/2015,Edward Moore,Edward.M@att.com,292-559-5660,************3554
107,0,0,Check-Out,7/22/2015,Hailey Jones,Hailey_J@yandex.com,656-274-5320,************4752
133.75,1,0,Check-Out,7/22/2015,Miss Sharon Bowman MD,Miss_MD@verizon.com,644-188-4937,************3488
103.5,0,0,Check-Out,7/22/2015,Tiffany Willis,Tiffany_Willis@gmail.com,236-829-3521,************2456
84.8,0,1,Check-Out,7/22/2015,Jonathan Arnold,JArnold@yandex.com,630-070-6368,************4883
107,0,0,Check-Out,7/22/2015,Sheena Martin,Martin_Sheena98@zoho.com,907-537-3806,************1518
107,1,0,Check-Out,7/22/2015,Shannon Ross,Shannon.R51@xfinity.com,176-902-1799,************6544
84.8,0,1,Check-Out,7/22/2015,Stephanie Davis,SDavis@outlook.com,646-143-1086,************2490
107,1,0,Check-Out,7/22/2015,Kathleen Roy,KRoy@mail.com,478-909-5696,************7796
195,0,1,Check-Out,7/22/2015,Dakota Evans,Evans_Dakota@verizon.com,756-306-9387,************4629
164,0,0,Check-Out,7/23/2015,Jennifer Graves,Graves_Jennifer@gmail.com,743-384-8982,************3627
195,0,0,Check-Out,7/24/2015,Jennifer Gray,Jennifer.G@outlook.com,971-128-5751,************4401
125,0,2,Check-Out,7/24/2015,Steven Oliver,Steven_O60@zoho.com,237-705-4085,************9301
195,0,0,Canceled,6/24/2015,Ricky Brady,Brady.Ricky@outlook.com,866-679-8545,************9786
132.3,0,3,Check-Out,7/24/2015,Peter Anderson,Peter_Anderson91@comcast.net,729-100-2022,************8554
145,0,2,Check-Out,7/24/2015,Robert Thornton,Thornton_Robert@aol.com,932-060-8305,************5559
92,0,0,Check-Out,7/24/2015,Rebecca Edwards,Rebecca.E@att.com,320-140-5144,************2812
132.3,0,3,Check-Out,7/24/2015,Janet Brewer,Brewer.Janet@yandex.com,636-572-5977,************5153
147,0,2,Check-Out,7/25/2015,Melissa Hart,Melissa.Hart82@hotmail.com,198-215-6392,************3093
167,1,2,Check-Out,7/25/2015,Megan Carter,MCarter@protonmail.com,394-509-3733,************9886
210,0,1,Check-Out,7/25/2015,Christopher Anderson,CAnderson@zoho.com,753-519-9828,************7380
194.9,0,2,Check-Out,7/27/2015,Patricia Blevins,Blevins_Patricia81@aol.com,732-152-1317,************5205
103.5,1,3,Check-Out,7/20/2015,Hunter Smith,Hunter.S@xfinity.com,803-117-4063,************6486
118.5,0,3,Check-Out,7/20/2015,Monique Crosby,Monique_C@outlook.com,329-251-7629,************5047
192,0,1,Check-Out,7/20/2015,Cynthia Lee,CynthiaLee80@xfinity.com,459-240-2782,************1712
128.27,0,0,Check-Out,7/20/2015,Jacob Evans,Jacob.E56@aol.com,426-205-7651,************2759
135,0,0,Check-Out,7/20/2015,Jennifer Brown,Jennifer.Brown@gmail.com,546-407-4553,************4288
126.3,0,2,Check-Out,7/20/2015,Michael Cooper,MichaelCooper@comcast.net,901-586-3616,************7272
154,0,0,Canceled,6/24/2015,Tony Bush,Tony.Bush@protonmail.com,952-624-6492,************3077
96.3,0,0,Check-Out,7/20/2015,Joshua Kidd,Joshua_K@att.com,633-694-9073,************4769
126.3,0,2,Check-Out,7/20/2015,Jamie Hernandez,Hernandez_Jamie@xfinity.com,191-595-2844,************5140
136,0,0,Canceled,7/17/2015,Rodney Conner,Rodney_C89@verizon.com,917-447-5322,************8021
118.5,0,3,Check-Out,7/20/2015,Marcus Smith,MarcusSmith@verizon.com,716-719-3813,************1928
116.33,1,1,Check-Out,7/20/2015,Maria Mathews,Maria.Mathews@xfinity.com,378-841-6181,************7569
164,0,1,Check-Out,7/21/2015,Sarah Ramirez,Ramirez_Sarah91@yandex.com,625-640-0396,************5553
147.67,0,2,Check-Out,7/21/2015,Jessica Cooper,Cooper_Jessica93@gmail.com,529-640-4850,************8733
145,0,0,Check-Out,7/24/2015,William Sullivan,William_Sullivan@zoho.com,797-919-5202,************3501
147,1,2,Check-Out,7/24/2015,Michael Myers,Michael.M@protonmail.com,518-132-2673,************5844
168.3,0,0,Canceled,7/18/2015,Charles Wallace,CharlesWallace@mail.com,858-030-1199,************4581
167,0,0,Check-Out,7/25/2015,Katie Caldwell MD,MD_Katie94@comcast.net,583-151-2764,************4827
137.75,1,1,Check-Out,7/25/2015,Melinda Vaughn,Vaughn_Melinda@mail.com,377-173-2317,************5735
145,0,0,Check-Out,7/22/2015,Ryan Hernandez,Ryan.H@aol.com,891-867-4548,************4463
132.6,1,0,Check-Out,7/22/2015,Kaitlyn Price,Kaitlyn.P@verizon.com,691-398-3353,************1475
147,0,0,Canceled,4/29/2015,Ian Ruiz,Ruiz_Ian33@aol.com,609-232-7724,************4407
157,0,2,Canceled,6/4/2015,Kristen Johnson,Kristen.Johnson90@aol.com,370-321-0168,************6702
210,0,0,Canceled,6/11/2015,Raymond Brandt,Brandt.Raymond@mail.com,319-878-4862,************8566
132.5,0,0,Check-Out,7/23/2015,Cindy Ali,Cindy_A@aol.com,724-926-3351,************9304
98.02,0,1,Check-Out,7/23/2015,Anthony Dean,Anthony.D@yahoo.com,344-669-7638,************4903
126,0,2,Check-Out,7/23/2015,Crystal Wright,Crystal_W@protonmail.com,998-795-3167,************5459
173,0,1,Check-Out,7/19/2015,Margaret Hernandez,Hernandez.Margaret@comcast.net,625-354-9636,************9281
249,0,0,Check-Out,7/19/2015,Brian Shepherd,Shepherd.Brian56@hotmail.com,383-899-7976,************4300
186.5,0,0,Check-Out,7/20/2015,James Burton,James.Burton@gmail.com,118-901-2079,************3694
95,0,1,Check-Out,7/21/2015,Bruce Rollins,Bruce.R@outlook.com,479-820-9227,************5155
241.5,0,2,Check-Out,7/25/2015,Anne Franklin,AnneFranklin@zoho.com,556-488-1764,************4474
177,1,0,Check-Out,7/25/2015,Janet Cooke,Janet.Cooke96@zoho.com,626-569-8510,************6279
153.73,1,0,Check-Out,7/25/2015,Patrick Thompson,PatrickThompson@aol.com,453-274-8585,************9425
115,0,1,Check-Out,7/25/2015,Amy Harrington,Amy_Harrington@yandex.com,162-240-2695,************6776
127.03,0,2,Canceled,6/24/2015,Stacy Smith,Smith.Stacy@mail.com,209-301-0118,************2322
128.25,0,1,Check-Out,7/25/2015,Jessica Davis,JessicaDavis@hotmail.com,627-126-9246,************3344
128.25,0,1,Check-Out,7/25/2015,Dr. Nicole Ortiz,Dr._O@xfinity.com,241-653-0641,************1294
115,0,1,Check-Out,7/25/2015,Tyler Martin,TMartin@protonmail.com,126-563-7308,************9557
135,0,1,Check-Out,7/26/2015,Phillip Delacruz,PDelacruz@mail.com,408-998-6954,************5554
167,0,0,Canceled,6/1/2015,Alex Edwards,AEdwards@xfinity.com,297-422-3112,************1842
135,0,1,Check-Out,7/26/2015,Katherine Olson,Olson.Katherine@yahoo.com,251-750-1008,************1554
124.5,0,0,Check-Out,8/1/2015,Danielle Newman,DNewman68@verizon.com,810-001-1489,************5353
98,0,0,Check-Out,7/20/2015,James Benson,James_B@hotmail.com,771-197-3340,************8450
98,1,0,Check-Out,7/20/2015,Bonnie Kent,Bonnie.K46@xfinity.com,594-593-5721,************1342
135,0,0,Check-Out,7/20/2015,James Butler,James_B@hotmail.com,691-035-4597,************7249
88.2,0,0,Check-Out,7/20/2015,Anne Alvarez,Anne_A@comcast.net,514-458-1755,************6603
120.6,1,1,Check-Out,7/20/2015,Leslie Robinson,Leslie.Robinson@comcast.net,695-481-7019,************6115
154.5,1,2,Check-Out,7/21/2015,Michelle Wade,Wade_Michelle@att.com,716-387-8620,************4508
145,0,0,Canceled,5/23/2015,Mr. Gregory Gillespie MD,Mr._M@protonmail.com,208-492-1413,************3265
92,0,0,Check-Out,7/23/2015,Catherine Johnson,Catherine.Johnson67@xfinity.com,631-470-2691,************1288
154,0,0,Canceled,6/29/2015,Jessica Reese,Jessica.R@xfinity.com,871-933-4457,************2154
115,0,1,Check-Out,7/24/2015,Courtney Owens,Courtney.Owens99@xfinity.com,863-518-9871,************8717
110.53,0,0,Canceled,6/19/2015,Matthew Wolfe,Wolfe.Matthew@gmail.com,761-954-3775,************3386
158.5,0,1,Canceled,6/17/2015,Ronald Lynch,Lynch.Ronald@hotmail.com,846-286-4469,************8246
131.37,0,1,Check-Out,7/26/2015,Heather Lee,Heather_Lee@zoho.com,286-684-8412,************9448
117.71,0,0,Canceled,5/27/2015,Clarence Kemp,ClarenceKemp@xfinity.com,289-137-4970,************1267
123,0,1,Check-Out,7/26/2015,Eric Nelson,Eric.N@yandex.com,823-450-1026,************2025
158.5,0,1,Canceled,6/17/2015,Renee Mayo,Mayo_Renee@protonmail.com,320-685-5388,************9584
117.84,0,2,Check-Out,7/26/2015,Crystal Berry,Berry_Crystal@aol.com,819-187-7303,************7558
154,0,0,Canceled,6/19/2015,Reginald Powell,Powell_Reginald@att.com,659-110-3894,************7434
116.85,0,0,Check-Out,7/26/2015,Gabrielle Morgan,GMorgan48@mail.com,818-551-1239,************1870
129.16,0,1,Check-Out,7/25/2015,Jessica Roberts,Jessica_Roberts@protonmail.com,583-041-1261,************4456
214,0,0,Canceled,6/29/2015,Jennifer Underwood,JenniferUnderwood16@xfinity.com,128-935-8484,************2491
115,0,2,Canceled,7/2/2015,Kenneth Lang,KennethLang@aol.com,440-932-6990,************7375
123,0,1,Check-Out,7/26/2015,Carmen Fisher,CarmenFisher@protonmail.com,147-908-6539,************9277
123,0,0,Check-Out,7/26/2015,Virginia Ferguson,Virginia.F@outlook.com,834-138-2793,************9140
195,0,0,Canceled,7/14/2015,Michelle Riddle,Michelle.Riddle@outlook.com,307-699-4793,************4121
135.2,0,0,Check-Out,7/29/2015,Michael Nunez,Nunez_Michael78@gmail.com,689-215-1695,************3607
123,0,2,Check-Out,8/2/2015,Jeremy Wood,Jeremy.Wood@xfinity.com,173-294-2904,************8790
130.5,0,1,Check-Out,7/25/2015,Richard Vaughn,Vaughn_Richard@mail.com,973-864-8098,************8790
123,0,0,Check-Out,7/21/2015,Monica Trevino,Trevino_Monica@verizon.com,148-159-8385,************2767
179.1,0,2,Canceled,5/13/2015,Amanda Trevino,Amanda.Trevino@att.com,968-267-5487,************5972
0,0,0,Check-Out,7/20/2015,Nicole Craig,NCraig@aol.com,537-639-4542,************4568
0,0,1,Check-Out,7/20/2015,Gabriella Bailey,Gabriella_Bailey@comcast.net,285-081-4654,************5766
115,0,3,Check-Out,7/24/2015,Ellen Holmes,Holmes_Ellen@comcast.net,400-374-4060,************1791
115,0,0,Check-Out,7/24/2015,Stacey Morris,Morris.Stacey@zoho.com,820-125-7822,************4922
103.5,1,2,Check-Out,7/24/2015,Amanda Jackson,Amanda_Jackson@mail.com,458-676-2210,************3583
157,1,0,Check-Out,7/24/2015,David Gibson,David.G47@yahoo.com,949-745-3957,************3869
135,0,1,Canceled,6/15/2015,Dawn King,Dawn_K@gmail.com,656-423-6720,************5950
111.65,0,0,Check-Out,7/24/2015,James Trevino,Trevino_James31@zoho.com,556-583-5902,************9584
135,0,1,Canceled,6/15/2015,Nathan Hurst,NHurst@zoho.com,837-243-7189,************3111
195,0,0,Canceled,6/17/2015,Kelly Ross,KellyRoss@gmail.com,254-893-9298,************3188
104,0,0,Check-Out,7/25/2015,Ronnie Smith,Ronnie_S@att.com,398-593-0178,************8593
135,0,0,Canceled,6/8/2015,William Johnson,William_Johnson78@yahoo.com,385-339-8343,************8057
214,0,1,Canceled,6/22/2015,Jesus Martin,Martin.Jesus92@gmail.com,410-605-3632,************6634
133.17,0,0,Check-Out,7/26/2015,Angela Powell,Angela.Powell@hotmail.com,288-523-4889,************9527
141.33,0,1,Canceled,6/22/2015,Sheila King,King.Sheila15@mail.com,140-889-7382,************2179
121.01,0,1,Check-Out,7/27/2015,Jessica Mccarthy,JessicaMccarthy@zoho.com,696-910-1260,************2519
240.64,0,0,Canceled,7/20/2015,Michael Chen,Michael_C58@verizon.com,685-074-0863,************8546
167.5,0,0,Check-Out,7/27/2015,Victoria Mitchell,VMitchell68@comcast.net,127-620-0874,************4561
152.43,0,3,Check-Out,7/27/2015,Jerome Anderson,Jerome_Anderson@outlook.com,514-329-2140,************8014
148.34,0,0,Check-Out,7/27/2015,Matthew Spencer,Spencer_Matthew@comcast.net,222-490-3538,************7280
167,0,1,Check-Out,7/27/2015,Rebecca Montgomery,Montgomery_Rebecca@outlook.com,941-822-8560,************3133
172.93,0,1,Canceled,5/11/2015,Justin Roberson,Justin.R48@protonmail.com,130-129-6861,************7774
179.1,0,1,Canceled,4/23/2015,Erica Calderon,Erica.Calderon@protonmail.com,156-814-5373,************1732
192.5,0,1,Check-Out,7/27/2015,Carl Brooks,Brooks.Carl91@yahoo.com,232-257-9946,************4331
92,0,0,Canceled,6/2/2015,Chelsea Moreno,Moreno.Chelsea@mail.com,368-499-6043,************6886
111.2,0,0,Canceled,6/1/2015,Taylor Pope,Pope.Taylor@yandex.com,390-427-4123,************1768
141.6,0,1,Check-Out,7/30/2015,Sydney Garcia,Garcia.Sydney@mail.com,143-129-3241,************7591
141.6,0,1,Check-Out,7/30/2015,Jason King,Jason_K@protonmail.com,998-085-8728,************7572
141.6,0,1,Check-Out,7/30/2015,James Jones,James.J@xfinity.com,982-692-8469,************7537
200,0,0,Canceled,7/14/2015,Brianna Gross,Brianna.G@mail.com,597-949-9945,************4206
200,0,0,Canceled,7/14/2015,Jennifer Kelly,JenniferKelly@att.com,433-906-3510,************8552
157,0,0,Canceled,7/8/2015,Nancy Sanchez,Nancy_Sanchez@verizon.com,224-211-7768,************8220
99.5,0,0,Check-Out,7/23/2015,Erika Gonzalez,Erika_G@zoho.com,837-896-0730,************3707
115,0,2,Canceled,6/1/2015,Paul Hayes,Paul.Hayes@yandex.com,261-897-8831,************5256
195,0,0,Canceled,6/19/2015,Kurt Ibarra,KurtIbarra33@aol.com,541-516-2953,************2627
103.5,0,0,Check-Out,7/25/2015,Randy Fowler,Fowler.Randy@protonmail.com,198-482-1092,************2281
207,1,0,Check-Out,7/26/2015,Ryan Hutchinson,Hutchinson.Ryan79@hotmail.com,186-459-3376,************8807
163.33,1,1,Check-Out,7/27/2015,Patty Harvey,Patty_Harvey23@yandex.com,948-314-9536,************9395
151.86,0,0,Check-Out,7/28/2015,Michael Tucker,Tucker_Michael@protonmail.com,564-116-1057,************5261
95.57,0,1,Check-Out,7/28/2015,Alyssa Ward,Ward.Alyssa@yandex.com,382-120-6226,************8516
112.05,0,1,Check-Out,7/29/2015,Craig Stanley,Stanley_Craig@verizon.com,732-861-7421,************7575
160,0,1,Check-Out,7/30/2015,Eric Johns,Eric_Johns@protonmail.com,809-220-6576,************3149
103.18,0,1,Check-Out,7/31/2015,Mark Chan,MChan@att.com,536-320-8204,************1088
153,1,0,Check-Out,7/23/2015,Latoya Frank,Latoya_F@hotmail.com,532-648-8363,************7321
119.75,0,1,Canceled,4/22/2015,Oscar Medina,Oscar_M@hotmail.com,445-544-9866,************3998
135,0,1,Canceled,6/9/2015,Stephanie Lamb,Stephanie.Lamb@yahoo.com,942-151-3795,************2970
167.69,0,1,Check-Out,7/26/2015,Chad Rice,CRice@yandex.com,573-902-5926,************5601
195,0,1,Canceled,6/9/2015,David Young,Young_David@verizon.com,689-121-9575,************7429
135,0,1,Canceled,6/9/2015,Shannon Walters,Shannon.W28@hotmail.com,930-958-8273,************1866
178.4,0,0,Canceled,6/29/2015,Sydney Garcia,Garcia_Sydney@xfinity.com,254-025-2090,************6598
0,0,0,Check-Out,7/23/2015,Chase Perry,ChasePerry@yahoo.com,398-362-0131,************3312
0,0,1,Check-Out,7/23/2015,Karen Ingram,KIngram95@hotmail.com,593-604-3419,************8902
154,1,1,Check-Out,7/24/2015,Margaret Thomas,Margaret_T53@outlook.com,945-410-5612,************6188
134,0,0,Check-Out,7/24/2015,Erica Webster,Webster.Erica@outlook.com,166-786-2736,************9616
112,0,0,Canceled,6/5/2015,Amy Brennan,AmyBrennan@gmail.com,320-091-2804,************1228
194,1,1,Check-Out,7/26/2015,Sara Walker,Sara.Walker@mail.com,695-406-8471,************9582
153,0,0,Canceled,7/7/2015,Susan Nguyen,SusanNguyen50@yandex.com,958-544-4777,************2663
135,0,0,Canceled,6/19/2015,Brandon Davis,Davis_Brandon@att.com,716-835-8990,************5434
184,0,1,Check-Out,7/26/2015,Erica Castro,Erica.C@yandex.com,712-027-2382,************4192
210,0,0,Canceled,7/6/2015,Brandon Moses,Brandon_M@protonmail.com,919-163-2010,************7775
139,0,0,Canceled,7/7/2015,Sara Cherry,Sara.Cherry@gmail.com,761-057-3819,************6250
101.46,1,0,Check-Out,7/28/2015,Amber Jarvis,Amber_J@yandex.com,141-943-6271,************3393
145,0,0,Canceled,7/4/2015,Carla Sweeney,CarlaSweeney@hotmail.com,355-106-3208,************2678
173,0,0,Canceled,7/6/2015,Laura Koch,Laura_Koch28@aol.com,672-540-9693,************4006
217.05,1,1,Check-Out,7/31/2015,Heather Gonzales,Heather_G@att.com,676-848-8743,************3252
164,0,2,Check-Out,7/26/2015,Gloria Ferguson,Gloria_Ferguson@yahoo.com,315-510-7902,************6796
173,0,2,Check-Out,7/26/2015,Mark Mclean,Mark.M@gmail.com,468-328-4824,************2645
112.5,0,0,Canceled,7/22/2015,Amanda Williams,Williams.Amanda58@gmail.com,396-326-2739,************6196
153,0,2,Check-Out,7/26/2015,Gary Johnson,Johnson_Gary45@yahoo.com,251-187-7004,************2876
173,0,2,Check-Out,7/26/2015,Michael Cooper,Cooper_Michael@verizon.com,685-520-6387,************7981
153,0,2,Check-Out,7/26/2015,Kimberly Brown,Kimberly.Brown68@xfinity.com,595-599-9186,************3995
134,0,0,Check-Out,7/26/2015,Amanda Lawson,Amanda.L@hotmail.com,754-360-7089,************8358
153,0,2,Check-Out,7/26/2015,Aaron Khan,AKhan@hotmail.com,736-445-7785,************4413
233,0,2,Canceled,7/14/2015,Brenda Kim,Kim_Brenda@outlook.com,328-626-3279,************8105
154,0,0,Check-Out,7/26/2015,Melinda Green,Melinda.G18@comcast.net,773-103-1385,************8874
173,0,2,Check-Out,7/26/2015,Brittany Weiss,Weiss.Brittany79@gmail.com,578-429-5337,************1151
135,0,1,Canceled,7/6/2015,Steven Johnson,Steven.J@comcast.net,436-054-1484,************2445
132.5,0,0,Canceled,7/1/2015,Michael Yates,Michael_Yates@hotmail.com,572-904-0318,************6133
222.67,0,0,Check-Out,7/27/2015,Justin Harmon,Justin_Harmon39@comcast.net,156-858-7283,************9559
135,0,1,Canceled,7/6/2015,David Durham,DavidDurham@aol.com,761-542-1303,************4281
107,0,0,Check-Out,7/26/2015,Jessica Gordon,JGordon@gmail.com,599-326-5598,************1563
127,0,0,Canceled,6/17/2015,Cindy Jones,Jones.Cindy84@xfinity.com,493-025-1887,************2329
135,0,0,Canceled,6/18/2015,Dr. Shannon Keith,Dr..K69@yandex.com,627-515-3563,************4961
149.7,1,1,Check-Out,7/28/2015,Ronald Willis,RWillis17@mail.com,852-988-7157,************5927
161.25,0,0,Canceled,6/8/2015,Terry Baker,Terry_B@comcast.net,530-218-7252,************4470
107,0,0,Check-Out,7/28/2015,Cole Herman,Cole.Herman@outlook.com,931-082-3095,************9474
75.44,0,1,Check-Out,7/29/2015,Sara Boyer,Sara_Boyer@comcast.net,930-220-0423,************7432
75.44,0,1,Check-Out,7/29/2015,Jacob Mueller,Mueller.Jacob@gmail.com,676-536-3957,************3104
115,0,0,Check-Out,7/31/2015,Alicia Underwood,Underwood.Alicia@aol.com,435-452-8261,************4047
159.2,0,1,Canceled,7/14/2015,Cheryl Hubbard,Cheryl_H@att.com,565-381-8954,************2554
163.29,0,2,Canceled,4/22/2015,Jason Thompson,Thompson_Jason96@comcast.net,871-877-8895,************2380
210,0,0,Canceled,5/25/2015,Katherine Young,Katherine.Young@yandex.com,785-819-5573,************6374
154,0,2,Check-Out,8/1/2015,Mrs. Jessica Armstrong DDS,Mrs..DDS@outlook.com,611-707-5655,************5920
166,0,0,Check-Out,8/2/2015,Paul Miller,Paul_Miller@xfinity.com,944-564-9431,************7859
132.5,0,0,Check-Out,8/3/2015,Larry Oconnor,Oconnor.Larry@gmail.com,703-627-2916,************8954
107,0,0,Canceled,6/26/2015,Sherry Fowler,Fowler_Sherry@gmail.com,764-788-4425,************1389
121.98,0,1,Canceled,7/21/2015,Gregory Hill,GHill49@outlook.com,849-382-6607,************6875
0,0,0,Check-Out,7/25/2015,Alexandra Lynch DDS,DDS_Alexandra@mail.com,544-061-4161,************6606
133,0,0,Check-Out,7/28/2015,Luis Richmond,Luis.Richmond@mail.com,219-818-0316,************8990
107,0,0,Check-Out,7/26/2015,Scott Hunt,Hunt_Scott@aol.com,254-643-5742,************3634
117.81,0,0,Check-Out,7/26/2015,Chase Brennan,Chase_Brennan@aol.com,622-308-5544,************3759
107,0,0,Check-Out,7/26/2015,Margaret Scott,MScott@mail.com,672-451-1814,************5463
120.6,0,0,Canceled,7/11/2015,Amy Evans,Evans_Amy@verizon.com,215-809-4376,************5414
147,0,0,Check-Out,7/27/2015,Mario Delgado,Delgado_Mario@verizon.com,658-896-3009,************8739
153,0,2,Canceled,7/14/2015,Chase Guzman,Chase_G61@mail.com,440-533-4911,************3144
153,0,1,Canceled,7/10/2015,Todd Cardenas,Todd.C48@gmail.com,758-578-1419,************4563
134,0,0,Canceled,7/23/2015,Jennifer Berger,JenniferBerger89@mail.com,479-956-6480,************5831
153,0,1,Check-Out,7/27/2015,Tara Turner,Tara_Turner61@outlook.com,886-379-1717,************5277
118,0,0,Check-Out,7/28/2015,James Baker,Baker.James@gmail.com,945-569-5164,************1637
134,0,1,Check-Out,7/29/2015,Douglas Obrien,Douglas_O28@yahoo.com,458-993-1040,************1250
135,0,2,Check-Out,7/30/2015,Hannah Davis,Hannah.Davis@outlook.com,105-363-3307,************6586
158.77,0,2,Check-Out,7/30/2015,Lauren King,LKing@att.com,977-709-2376,************2700
134,1,1,Check-Out,7/30/2015,Diana Sanchez,DianaSanchez@comcast.net,969-126-4976,************9798
134,0,0,Canceled,6/26/2015,Jonathan Bryant,Jonathan_B80@xfinity.com,692-175-0678,************8133
142.03,0,1,Check-Out,7/30/2015,Steven Bernard,Steven.Bernard@aol.com,467-529-4791,************8468
240,0,0,Check-Out,7/30/2015,Michelle Alvarado,MichelleAlvarado@hotmail.com,294-219-1398,************3445
134,0,0,Check-Out,7/31/2015,Jason Dudley,Jason_D@zoho.com,797-254-5882,************9651
134,0,3,Canceled,6/2/2015,Michael Hood,Michael_H87@att.com,824-153-8925,************5884
147,0,0,Check-Out,8/1/2015,Shannon Parker,Shannon_P@yahoo.com,425-612-8160,************9575
176,1,0,Check-Out,8/1/2015,Evan Lynch,Lynch.Evan@att.com,826-629-2636,************7496
120.6,0,1,Canceled,6/27/2015,Julia Clark,JuliaClark@verizon.com,151-561-1978,************3105
166,0,1,Canceled,5/12/2015,Dwayne Murphy,Murphy.Dwayne@outlook.com,995-936-2235,************1446
134,0,0,Canceled,4/17/2015,Daniel Sheppard,Daniel.S27@comcast.net,609-073-0391,************6062
147,0,0,Check-Out,8/1/2015,Martha Barr,Martha.Barr@yahoo.com,135-238-9258,************1152
167,0,1,Check-Out,8/1/2015,Michael Trevino,MTrevino@hotmail.com,336-833-0685,************3450
107.2,1,0,Check-Out,8/1/2015,Edward Garcia,Garcia.Edward18@yandex.com,710-114-5663,************4753
131.63,0,0,Canceled,7/3/2015,Angela Marshall,AMarshall@verizon.com,783-806-4887,************3125
233.05,1,0,Check-Out,8/2/2015,Kelsey Porter,Porter.Kelsey@gmail.com,145-243-6143,************4418
90.12,0,1,Check-Out,8/2/2015,Vicki Williams,VWilliams@zoho.com,786-996-0203,************9081
120.6,0,1,Canceled,6/29/2015,Cathy Graham,CGraham@att.com,764-578-9618,************7507
125,0,2,Canceled,4/15/2015,Tony Guerrero,Tony.G30@yahoo.com,187-586-5500,************7063
154,0,1,Canceled,6/29/2015,Brad Dougherty,Dougherty.Brad24@xfinity.com,397-016-7728,************7946
120.6,0,2,Check-Out,8/4/2015,Eric Martinez,Eric_Martinez@aol.com,357-870-9729,************1344
114.25,0,1,Check-Out,8/6/2015,David Murphy,Murphy.David@mail.com,699-033-9443,************6550
107,0,0,Canceled,7/3/2015,Jennifer Brock,Jennifer_Brock64@comcast.net,351-556-0893,************1160
88.55,0,0,Check-Out,8/1/2015,Dr. Mark Singleton MD,MD.Dr.50@aol.com,444-100-4658,************6344
149,0,1,Canceled,3/25/2015,Stacy Fernandez,Fernandez_Stacy@zoho.com,455-930-0724,************8144
195,1,0,Check-Out,8/1/2015,Cynthia Palmer,Cynthia_Palmer78@gmail.com,467-210-2343,************8628
164,0,0,Canceled,6/8/2015,Samuel Arroyo,Samuel_Arroyo64@verizon.com,798-756-9781,************1715
154,0,1,Canceled,5/15/2015,Leroy Davis,Leroy.D@verizon.com,509-496-7810,************8740
120.6,0,1,Canceled,6/18/2015,Jordan Johnson,Jordan_J@mail.com,661-846-8516,************3683
103.5,0,0,Check-Out,7/29/2015,Michael Ward,Michael_W@aol.com,337-585-9429,************3321
115,0,3,Check-Out,7/29/2015,Tracy Allen,Allen_Tracy@gmail.com,746-103-2728,************2439
95.02,0,2,Canceled,6/3/2015,Vincent Williams,Vincent_Williams@yahoo.com,122-874-0638,************1532
132.5,0,0,Canceled,6/25/2015,Edward Martin,EdwardMartin@yandex.com,598-811-9294,************8281
209,0,1,Check-Out,7/31/2015,Bryan Salas,Bryan_Salas@aol.com,163-547-1281,************8387
95.02,0,2,Canceled,6/3/2015,Julia Little,JLittle@zoho.com,258-135-0119,************7646
132.5,0,0,Canceled,6/25/2015,Daniel Chen,Daniel.Chen@att.com,882-307-8436,************4930
180,0,0,Check-Out,8/2/2015,Brandon Jordan,Brandon_Jordan74@xfinity.com,226-681-6703,************4502
103.18,0,0,Check-Out,7/28/2015,Amanda Reyes,AmandaReyes@zoho.com,196-972-2873,************9264
174.01,0,1,Check-Out,8/2/2015,Bruce Cannon DDS,Bruce_D@yahoo.com,742-698-4931,************1611
133,0,1,Canceled,6/17/2015,Mia Alexander,Mia_A@xfinity.com,420-803-9255,************9840
133,0,1,Canceled,6/17/2015,Veronica Lane,Veronica.Lane81@zoho.com,502-074-1241,************8189
107.2,0,0,Check-Out,8/2/2015,Travis Johnson,TJohnson@comcast.net,261-537-9303,************6149
0,0,0,Check-Out,7/27/2015,Kathryn Chung,Kathryn.Chung41@mail.com,317-151-6019,************7532
210,0,1,Canceled,7/3/2015,Laura Harmon,Laura.Harmon20@yahoo.com,233-886-8006,************8104
145,1,0,Check-Out,7/29/2015,Bradley Dean,Bradley.D86@yahoo.com,268-026-3182,************3913
195,0,1,Canceled,7/3/2015,Julie Bradley,Julie.B@comcast.net,135-778-6490,************9571
124.2,0,1,Canceled,6/15/2015,George Lewis,Lewis_George21@verizon.com,868-108-6845,************9712
167,0,1,Canceled,6/15/2015,Phillip Bass,Phillip_Bass@yandex.com,435-100-6441,************2416
145,1,0,Check-Out,7/30/2015,Jennifer Wood,Jennifer.Wood65@mail.com,871-627-6390,************9191
166,0,2,Check-Out,7/30/2015,Jennifer Summers,Jennifer_S@gmail.com,290-616-6061,************8216
115,0,0,Check-Out,7/30/2015,Howard Warren,Warren_Howard@protonmail.com,545-141-9140,************6504
166,1,2,Check-Out,7/30/2015,Mandy Elliott,MandyElliott68@gmail.com,185-386-0933,************6477
120.6,0,0,Canceled,6/17/2015,Jared Wilson,Jared.W@xfinity.com,101-229-5263,************6072
162,0,2,Check-Out,7/31/2015,Ashley Hoffman,AshleyHoffman@protonmail.com,742-561-3040,************8858
153,0,0,Check-Out,7/31/2015,Jessica Harris,Harris_Jessica69@verizon.com,764-602-2138,************4554
133.2,0,0,Check-Out,7/31/2015,Lydia Allen,LAllen@verizon.com,198-046-7004,************9800
134,0,1,Check-Out,7/31/2015,Brianna Baker,Brianna_B62@gmail.com,770-653-3868,************9621
107,1,2,Check-Out,7/31/2015,Dylan Williams,DWilliams@comcast.net,817-423-3325,************6619
145,0,2,Check-Out,7/31/2015,Christian Weber,Christian.W@aol.com,259-607-6558,************5448
145,0,0,Check-Out,7/31/2015,Tonya Williams,Tonya.W@hotmail.com,581-488-0759,************1315
107,0,1,Canceled,6/29/2015,Dr. Brandon Murphy MD,Dr..MD@protonmail.com,184-025-8890,************9642
167.2,0,0,Check-Out,7/31/2015,Kevin Randall,Randall.Kevin22@hotmail.com,116-730-1556,************2922
134,0,2,Canceled,5/9/2015,Dalton Smith,Dalton_Smith@yandex.com,319-564-4843,************5500
130,0,0,Check-Out,7/31/2015,Matthew Nichols,Nichols_Matthew24@aol.com,945-283-3824,************6247
164,0,0,Canceled,6/17/2015,Christopher Preston,CPreston@mail.com,529-214-9194,************7042
149,0,0,Check-Out,7/31/2015,Andrea Rodriguez,Rodriguez_Andrea@mail.com,888-676-2068,************1977
154,1,0,Check-Out,8/1/2015,Donna Garcia,DonnaGarcia20@xfinity.com,169-569-2884,************4259
195,0,1,Check-Out,8/1/2015,Tracey Morgan,Morgan.Tracey@att.com,338-745-1517,************2425
134,0,0,Canceled,6/25/2015,Gregory Blevins,Gregory.Blevins80@verizon.com,233-060-0626,************6869
107.2,0,0,Check-Out,8/1/2015,Miss Patricia Davidson,Miss.Davidson@att.com,261-079-5872,************6729
164,0,0,Canceled,7/6/2015,Krista Christensen,KristaChristensen@xfinity.com,222-243-1300,************6726
183.45,0,1,Canceled,3/17/2015,Shannon Salazar,Shannon_S@verizon.com,990-929-7937,************3899
159.6,1,1,Check-Out,8/2/2015,Cindy Rodriguez,CRodriguez@outlook.com,746-950-9456,************6897
120.6,0,0,Check-Out,8/2/2015,Sarah Sanders,Sarah.Sanders@comcast.net,846-646-0178,************1074
164,0,2,Canceled,5/13/2015,Ryan Long,RyanLong@xfinity.com,279-178-7447,************7658
219.43,0,2,Canceled,5/13/2015,Thomas Dixon,Thomas.Dixon@verizon.com,808-550-5279,************4888
134,0,2,Canceled,5/13/2015,Matthew Wood,Matthew.W68@yahoo.com,841-154-6448,************4229
164,0,2,Canceled,5/13/2015,Darryl Hernandez,Darryl_H@hotmail.com,748-458-1794,************7218
107.2,0,0,Check-Out,8/3/2015,Diana Singleton,Singleton_Diana@gmail.com,641-257-7229,************6900
102.72,0,1,Check-Out,8/3/2015,Stacey Brewer,Brewer_Stacey@hotmail.com,907-099-1001,************4310
114.85,0,1,Check-Out,7/29/2015,Kimberly Phillips,Kimberly_P16@protonmail.com,282-580-3008,************9206
114.85,0,1,Check-Out,7/29/2015,Drew Olson,Olson.Drew@aol.com,845-047-6194,************2022
135,1,1,Check-Out,7/30/2015,Jeremy Jefferson,Jeremy_Jefferson@att.com,715-802-5941,************5906
195,0,0,Canceled,7/7/2015,Natalie Richardson,NatalieRichardson31@yandex.com,542-578-6042,************7538
173,0,0,Canceled,7/27/2015,Christina Torres,Christina_T39@protonmail.com,782-825-3176,************2779
107,0,1,Check-Out,8/1/2015,Jacob Taylor,Taylor_Jacob@comcast.net,266-870-3906,************5159
107,0,1,Check-Out,8/1/2015,Mrs. Kelly Dominguez,MDominguez61@xfinity.com,724-968-5293,************5570
164,0,2,Check-Out,8/1/2015,Wayne Allison,Wayne_A@yahoo.com,918-654-0454,************2884
138.8,0,1,Check-Out,8/2/2015,Michelle Hall DDS,DDS.Michelle@mail.com,636-971-0504,************7079
154,0,2,Canceled,7/16/2015,Antonio Ferguson,Antonio_F@yandex.com,486-975-4010,************6718
135,0,0,Check-Out,8/2/2015,Ashley Farley,Farley_Ashley@gmail.com,713-668-5156,************3172
103.18,0,1,Check-Out,8/3/2015,Michael Montgomery,Michael.Montgomery80@gmail.com,447-742-7376,************3738
115.5,0,0,Canceled,5/22/2015,Gabriel Mills,GMills@protonmail.com,250-155-3297,************7284
90.95,0,1,Check-Out,8/7/2015,Brent Aguilar,Aguilar_Brent@mail.com,880-430-1082,************4965
0,0,0,Check-Out,7/29/2015,Ian Ray,Ian.R@verizon.com,176-073-5188,************2553
108.54,0,1,Canceled,4/4/2015,Sean Hall,Sean.Hall@gmail.com,304-456-0081,************6643
146,1,2,Check-Out,8/2/2015,Jeffrey Craig,Jeffrey.Craig@gmail.com,985-003-0462,************1008
165.4,0,1,Canceled,7/2/2015,Andrea Mclaughlin,Andrea.Mclaughlin@verizon.com,655-747-0750,************3466
134,0,0,Check-Out,8/3/2015,Stephanie Burch,Stephanie.B@zoho.com,562-385-4037,************4022
133,0,1,Canceled,7/27/2015,Julie Powers,Powers_Julie@xfinity.com,284-996-0209,************9252
240,0,0,Canceled,6/22/2015,Stanley Jones,StanleyJones20@zoho.com,865-949-2060,************3146
157,0,1,Check-Out,8/3/2015,Carla Harris,CarlaHarris@protonmail.com,325-049-5256,************1594
188,0,0,Check-Out,7/30/2015,Brett Jones,Brett.Jones@outlook.com,379-607-9199,************4579
133,0,1,Canceled,7/27/2015,Robert Suarez,RSuarez@att.com,226-411-3149,************1429
145,0,1,Check-Out,8/3/2015,Mark Sparks,Mark.S44@zoho.com,668-752-4132,************7838
134,0,2,Check-Out,8/3/2015,Zachary Gomez,Gomez_Zachary@verizon.com,431-718-7313,************6510
134,0,0,Canceled,5/23/2015,Jill Rowe,JRowe@att.com,499-209-2431,************8146
186,0,2,Canceled,7/10/2015,Stacey Harper,Stacey.Harper@hotmail.com,835-479-0305,************9266
90.95,0,1,Check-Out,8/5/2015,Mark Burke,Burke.Mark73@protonmail.com,983-535-0293,************9876
141.65,0,0,Canceled,6/8/2015,Mark Austin,Mark_Austin@aol.com,757-918-6031,************3031
99.24,0,0,Canceled,6/5/2015,Ashley Hart,Hart.Ashley@xfinity.com,222-969-3101,************5043
108.06,0,1,Check-Out,8/4/2015,Douglas Thomas,Thomas_Douglas@zoho.com,474-955-3407,************8992
90.95,0,0,Canceled,4/15/2015,Molly Wright,Wright_Molly@mail.com,415-197-3575,************1998
148.63,0,1,Canceled,6/17/2015,Cynthia Leon,Leon.Cynthia@yandex.com,807-612-9759,************7264
173,0,3,Canceled,7/16/2015,Mary Morales,Mary.M@verizon.com,843-803-5843,************4826
107,0,0,Check-Out,7/31/2015,Alexis Henry,Alexis.H75@zoho.com,699-260-1111,************1233
114,0,0,Canceled,7/30/2015,Stacey Shields,StaceyShields@aol.com,748-709-5841,************6104
153,0,1,Canceled,7/30/2015,Scott Owens,Owens_Scott@protonmail.com,398-377-3824,************4298
153,0,1,Check-Out,8/1/2015,Teresa Davis,Teresa.Davis67@mail.com,383-104-1391,************1612
250.33,0,2,Check-Out,8/2/2015,Nicholas Diaz,Diaz.Nicholas15@aol.com,181-924-2851,************8353
146.67,0,2,Canceled,7/6/2015,Laura Turner,Laura_Turner78@zoho.com,295-879-7142,************9081
154,0,2,Canceled,6/30/2015,Jessica Anderson,Jessica_Anderson@yahoo.com,343-139-3208,************1560
120.6,0,0,Canceled,6/11/2015,Robert Navarro,RNavarro@protonmail.com,383-715-7728,************9038
280.74,1,0,Check-Out,7/30/2015,Margaret Cunningham,MCunningham18@att.com,606-060-3938,************4269
193,0,1,Check-Out,8/3/2015,Jason Taylor,Jason_Taylor@xfinity.com,834-598-2553,************5145
146.67,0,2,Canceled,7/6/2015,Anthony Lane,Anthony_Lane@yandex.com,551-439-3252,************2637
154,0,2,Canceled,6/30/2015,Samuel Cooper,Samuel_C@aol.com,742-011-8977,************5166
154.5,0,0,Canceled,6/9/2015,Mr. Sean Wilcox DVM,Mr._DVM@att.com,734-058-6523,************4934
120.6,0,0,Canceled,6/11/2015,Ashley Morgan MD,AshleyMD@yandex.com,403-040-8855,************1676
137.8,0,0,Canceled,6/8/2015,Barry Green,BGreen53@verizon.com,374-933-0251,************1472
160,1,3,Check-Out,8/8/2015,Terry Thomas,TerryThomas41@hotmail.com,913-113-4501,************2532
125.89,0,1,Check-Out,8/8/2015,Leslie Stout,LStout@att.com,647-572-3297,************9011
125.89,0,1,Check-Out,8/8/2015,Brandon Anderson,Brandon_A@yahoo.com,957-743-1826,************7739
126.71,0,0,Canceled,6/24/2015,Stephanie Bradford,Stephanie.B@yahoo.com,826-081-9737,************5727
0,0,0,Check-Out,7/31/2015,Dustin Taylor,DTaylor@mail.com,105-980-8487,************6105
0,1,0,Check-Out,7/31/2015,Maria Jones,Maria.Jones@gmail.com,302-131-5057,************4306
188,0,0,Check-Out,8/1/2015,Ronald West,Ronald.West@att.com,798-960-1110,************4636
153,0,2,Canceled,7/6/2015,Bryce Burch,Bryce.B24@mail.com,360-805-3018,************3344
173,0,3,Canceled,7/16/2015,Joseph Webster,Joseph.Webster@zoho.com,656-379-6102,************7315
173,0,3,Canceled,7/16/2015,Barbara Morris,Barbara_M70@protonmail.com,249-347-1834,************1750
120,0,1,Check-Out,8/2/2015,Jessica Armstrong,Armstrong_Jessica@att.com,388-355-5572,************9685
154.8,0,3,Canceled,7/31/2015,Michael Roberson,Michael.Roberson@comcast.net,516-864-3611,************9711
192,0,2,Check-Out,8/2/2015,Alec Woods,Alec.W@verizon.com,609-087-3652,************2581
153,0,0,Canceled,7/6/2015,Jesus Dorsey,Jesus.D@hotmail.com,898-234-3246,************5196
120.6,0,1,Canceled,6/16/2015,Adam Lyons,Adam.L@comcast.net,257-582-0551,************2026
192,1,2,Check-Out,8/2/2015,Billy Waller,Waller.Billy@xfinity.com,785-171-9796,************3649
120.6,0,0,Canceled,7/21/2015,Denise Johnson,DJohnson92@comcast.net,958-018-7014,************4497
164,0,2,Canceled,7/13/2015,Brenda Adams,Adams.Brenda@outlook.com,997-584-2803,************5186
219.5,0,0,Check-Out,8/2/2015,Teresa Davis,Davis_Teresa@xfinity.com,440-823-0532,************9808
192.5,0,1,Check-Out,8/2/2015,Amanda Martinez,Amanda.M@gmail.com,879-495-1469,************8342
149.7,0,1,Canceled,7/15/2015,Donald Martinez,Martinez_Donald@protonmail.com,147-430-9345,************1023
111.92,0,0,Canceled,7/14/2015,Joshua Lopez,JLopez30@xfinity.com,472-422-0459,************3737
120.6,0,1,Canceled,7/11/2015,Wendy Young,Wendy.Young92@protonmail.com,986-876-4404,************8516
149.7,0,1,Canceled,7/15/2015,Wesley Mejia,Wesley_Mejia73@gmail.com,264-850-1523,************1110
173,0,3,Canceled,7/15/2015,Alex Thomas,Thomas.Alex81@yahoo.com,732-997-3969,************3570
112,0,1,Canceled,7/14/2015,Robert Jones,Robert.Jones@aol.com,597-396-8892,************3572
57.6,0,0,Check-Out,8/4/2015,Meagan Gonzalez,Gonzalez_Meagan43@mail.com,495-280-4412,************8804
214,1,0,Check-Out,8/4/2015,Matthew Rivera,MRivera@yahoo.com,617-709-9598,************6934
172,0,0,Canceled,7/9/2015,Cameron Hunt,Hunt_Cameron@yahoo.com,779-594-5356,************7926
157.8,0,0,Check-Out,8/5/2015,Ryan Flores,RyanFlores42@outlook.com,936-225-8407,************3077
170.33,1,1,Check-Out,8/6/2015,Sabrina Walker,Walker.Sabrina@mail.com,812-064-9296,************3395
119.25,0,0,Check-Out,8/10/2015,Amanda Mckinney,Amanda.Mckinney@xfinity.com,578-438-0820,************3432
96.3,0,0,Check-Out,8/3/2015,Debra Franco,DFranco@yahoo.com,678-474-7635,************5320
118.06,0,0,Canceled,5/12/2015,Paul Wilson,Wilson.Paul@yahoo.com,170-353-5420,************6455
118.06,0,0,Canceled,5/12/2015,William Miranda,William.M78@hotmail.com,142-296-9037,************5066
154,0,0,Canceled,5/4/2015,Laura Watson,Laura_W94@verizon.com,728-157-6959,************2916
202,0,0,Canceled,7/29/2015,Michael Sanchez,Michael.S16@verizon.com,474-233-0704,************9778
134,0,2,Canceled,7/16/2015,Robin Kelly,Robin_K@aol.com,478-099-5822,************8260
202,0,0,Canceled,7/29/2015,Elizabeth Reed,ElizabethReed40@mail.com,173-031-2273,************3551
252,0,0,Canceled,7/29/2015,Deborah Edwards,Deborah_E94@hotmail.com,126-531-6768,************6483
233,0,1,Canceled,7/16/2015,Andrew Hill,AHill@yandex.com,966-768-6280,************8420
211,0,2,Check-Out,8/2/2015,Stephen Levy,StephenLevy@protonmail.com,289-900-1544,************2830
211,0,2,Canceled,7/31/2015,Paul Diaz,Paul_Diaz17@gmail.com,332-763-7118,************5775
237,0,1,Canceled,7/29/2015,Julia Bell,JBell90@comcast.net,347-668-5713,************2400
188.29,0,2,Check-Out,8/8/2015,Jaime Hamilton,Jaime.Hamilton@yandex.com,440-628-3816,************9229
120.6,0,1,Canceled,6/6/2015,Meredith Pugh,Meredith.Pugh@yandex.com,795-894-1641,************9899
177.14,0,0,Canceled,7/15/2015,Robert Henry,Robert.Henry@verizon.com,370-357-0760,************5674
222.14,0,0,Canceled,6/11/2015,Matthew Mendoza,MatthewMendoza33@aol.com,334-620-4141,************1874
127.82,0,2,Canceled,5/22/2015,Tabitha Webb,Webb_Tabitha@mail.com,755-455-7142,************8102
194.14,0,0,Canceled,5/19/2015,David Fuller,DavidFuller@comcast.net,784-151-2886,************2637
120.6,0,2,Canceled,5/19/2015,Lindsey Dennis,Lindsey.Dennis@outlook.com,105-518-9921,************1658
144.53,0,3,Canceled,6/6/2015,Emily Williams,Emily.Williams@verizon.com,682-879-4911,************5842
185,1,4,Check-Out,8/8/2015,John Wyatt,John.Wyatt@att.com,722-068-9547,************2572
96.3,0,0,Canceled,5/22/2015,Kevin Diaz,Kevin_Diaz22@zoho.com,112-808-6843,************4388
193.13,0,0,Check-Out,8/9/2015,Richard Nolan,Richard_Nolan@att.com,406-264-2714,************2578
210.78,0,0,Canceled,6/16/2015,Robin Stone,RobinStone@comcast.net,471-566-9390,************5321
169,0,1,Canceled,7/21/2015,Jordan Peterson,JPeterson24@comcast.net,349-597-7326,************1793
174.7,0,3,Canceled,7/22/2015,Elizabeth Valentine,Elizabeth.Valentine@outlook.com,137-538-6959,************8344
135.53,0,0,Canceled,7/7/2015,Christopher Reyes,Christopher.Reyes@yahoo.com,230-794-1159,************2237
172,0,0,Check-Out,8/15/2015,Kyle Fleming,Fleming_Kyle@hotmail.com,243-451-4646,************3688
144,0,2,Canceled,7/8/2015,Janice Boyle,Janice.B67@xfinity.com,210-692-8186,************4551
162.5,0,1,Canceled,8/1/2015,Bryan Perez,Perez_Bryan96@comcast.net,599-303-8883,************8518
209.6,0,2,Canceled,6/29/2015,Dale Arnold,Dale.Arnold@gmail.com,138-367-9153,************6531
209.6,0,2,Canceled,6/29/2015,Jamie Hernandez,Jamie_H@verizon.com,951-160-2554,************2646
195.5,1,1,Check-Out,8/9/2015,Anthony Bryant,Anthony.Bryant@outlook.com,468-126-7844,************5708
186,1,4,Check-Out,8/8/2015,Amy Cole,Amy_C24@verizon.com,292-723-7982,************3379
163.5,0,1,Check-Out,8/8/2015,Connie Nichols,Connie.N69@gmail.com,271-430-3194,************2300
180.28,0,0,Check-Out,8/9/2015,Kelly Harrison,Kelly.H@protonmail.com,788-739-1949,************4524
174.76,1,1,Check-Out,8/9/2015,Joseph Simpson,JSimpson@yahoo.com,729-060-3613,************9424
116.85,0,0,Check-Out,8/11/2015,Jessica Hendricks,Jessica.H85@xfinity.com,217-529-6966,************9926
159,0,0,Check-Out,8/9/2015,James Underwood,James.U@xfinity.com,407-284-6722,************7784
104.55,0,0,Canceled,4/23/2015,Spencer Harrington,SHarrington@zoho.com,866-244-6202,************9189
0,0,0,Check-Out,8/3/2015,Jessica West,Jessica_West@yahoo.com,542-966-2749,************4002
144.76,0,0,Check-Out,8/4/2015,Tyler Stevens,TylerStevens@xfinity.com,895-577-8863,************7801
205,0,0,Canceled,6/17/2015,Zoe Medina,ZoeMedina16@zoho.com,136-638-8262,************5281
123,0,0,Canceled,7/18/2015,Mikayla Smith,Mikayla_Smith@comcast.net,997-635-3137,************7453
173,0,0,Canceled,7/13/2015,April Pitts,April.Pitts@xfinity.com,325-529-0270,************1138
220.55,0,0,Canceled,7/24/2015,Lindsey David,Lindsey.David@mail.com,841-960-5263,************9537
162.14,0,1,Check-Out,8/10/2015,Kyle Brown,KyleBrown@comcast.net,113-558-3513,************2883
119.7,0,1,Canceled,3/28/2015,Sophia Nicholson,Sophia_N@mail.com,183-940-6722,************9745
77.54,0,0,Check-Out,8/10/2015,Monica Miller,Monica.Miller11@yandex.com,332-434-0675,************6525
120.6,0,0,Canceled,7/6/2015,Maria Carlson,MariaCarlson@gmail.com,123-538-7591,************6035
153,0,0,Canceled,7/23/2015,Brittany Simon,BrittanySimon48@aol.com,152-034-2762,************2193
0,0,1,Check-Out,8/4/2015,Michael Welch,Michael_Welch@mail.com,647-424-5943,************7453
0,0,2,Check-Out,8/4/2015,Anthony Wise,Wise_Anthony@comcast.net,209-205-5552,************7622
172,0,0,Check-Out,8/5/2015,Kelly Garrett,Kelly.Garrett11@protonmail.com,664-072-7155,************8457
221,0,0,Canceled,7/29/2015,Stephen Sutton,Stephen_S13@att.com,761-575-7953,************9389
153,0,0,Canceled,7/6/2015,Matthew Murphy,MMurphy@xfinity.com,466-881-4950,************2689
230.5,0,2,Check-Out,8/8/2015,Jeffrey Woods,Jeffrey_W@zoho.com,340-507-6937,************3124
230.5,1,2,Check-Out,8/8/2015,John Davis,John_Davis@gmail.com,888-106-4448,************1458
211,0,1,Canceled,7/21/2015,Jeffrey King,Jeffrey_K@gmail.com,952-422-4705,************6113
241,0,2,Check-Out,8/9/2015,Megan Jefferson,Megan.J@yahoo.com,826-524-4328,************2124
211,0,1,Canceled,7/25/2015,Larry Irwin,Irwin.Larry@gmail.com,242-547-9960,************5530
90.95,1,0,Check-Out,8/11/2015,Carla Smith,Carla_S99@verizon.com,322-126-3086,************4741
188.29,0,2,Check-Out,8/11/2015,Heather Hebert,Hebert.Heather@zoho.com,132-055-9757,************4508
90.95,0,0,Check-Out,8/11/2015,Jerome Martinez,Martinez_Jerome@yandex.com,743-798-6199,************5397
187.8,0,1,Check-Out,8/14/2015,Christopher Graham,Graham_Christopher@outlook.com,255-177-2629,************5486
0,0,2,Check-Out,8/5/2015,Tammy Howard,TammyHoward@outlook.com,292-792-7993,************8909
0,0,0,Check-Out,8/5/2015,Kelly Flores,Kelly_Flores27@yandex.com,512-224-1701,************4592
172,0,1,Canceled,8/5/2015,Brandon Chandler,Chandler_Brandon@att.com,840-988-1633,************5534
171.9,0,0,Check-Out,8/6/2015,Mark Thornton,Thornton.Mark23@yandex.com,795-852-5506,************9887
200,0,0,Check-Out,8/6/2015,Justin Potter,Justin.P@mail.com,283-678-0443,************4806
149.4,0,0,Canceled,7/4/2015,Benjamin Martinez,Benjamin_Martinez@gmail.com,208-765-8816,************2194
154,0,1,Canceled,6/15/2015,Carol Yates,Yates_Carol@verizon.com,263-807-2945,************9877
148.25,1,0,Check-Out,8/9/2015,Joseph Figueroa,Joseph_F@yandex.com,314-617-1446,************7120
172,0,1,Check-Out,8/9/2015,Benjamin Castro,Castro_Benjamin@aol.com,169-706-2095,************4080
183,0,0,Canceled,7/23/2015,Glenn Bruce,Glenn.B@yahoo.com,238-716-1253,************3927
242.6,0,1,Canceled,7/22/2015,Samantha Taylor,Taylor.Samantha@zoho.com,683-725-0964,************5138
172,0,2,Check-Out,8/9/2015,Mary Lawson,Lawson_Mary@outlook.com,299-828-9843,************2220
168.71,0,3,Check-Out,8/12/2015,Ryan Gibson,RGibson92@att.com,768-298-6720,************4232
166,0,0,Canceled,4/22/2015,Amy Reed,Reed_Amy@yahoo.com,128-389-2637,************9653
112,0,0,Canceled,6/5/2015,Luis Cole,Cole_Luis12@gmail.com,177-613-0266,************3464
172,0,0,Check-Out,8/7/2015,Cheyenne Price,Cheyenne_P24@yahoo.com,893-724-0495,************3251
120.6,0,0,Canceled,5/20/2015,Rebecca Ward,Rebecca.W81@zoho.com,514-197-0819,************4023
126,0,1,Check-Out,8/9/2015,Paul Gutierrez,Paul_Gutierrez34@comcast.net,340-913-0803,************4343
268,1,1,Check-Out,8/9/2015,David Riley,David.Riley@protonmail.com,434-955-2432,************7223
173,0,0,Check-Out,8/10/2015,Kellie Yates,KellieYates@verizon.com,468-173-0781,************8891
149.2,0,0,Check-Out,8/11/2015,Barry Hill,BHill@hotmail.com,486-928-1643,************7020
217.2,1,4,Check-Out,8/11/2015,Alexandria Lindsey,Lindsey_Alexandria14@gmail.com,648-279-8407,************3044
239.3,0,1,Canceled,7/21/2015,Robert Bowers,Robert.B@aol.com,649-488-9376,************1781
181.5,0,3,Check-Out,8/12/2015,Matthew Perry,Perry.Matthew17@hotmail.com,757-976-7843,************4089
154,0,2,Check-Out,8/14/2015,Christopher Zhang,CZhang61@outlook.com,266-076-1903,************7808
173,0,0,Check-Out,8/14/2015,Nancy Vasquez,Nancy_Vasquez55@verizon.com,751-318-4701,************3265
181.9,0,3,Check-Out,8/16/2015,Jason Meyer,JasonMeyer@protonmail.com,693-367-9537,************3488
0,0,2,Check-Out,8/7/2015,Anthony James,Anthony_J@comcast.net,964-190-7428,************6865
114,0,0,Check-Out,8/8/2015,Scott Mccoy,Scott.Mccoy@mail.com,350-605-2526,************5258
267,0,0,Canceled,6/22/2015,Christine Turner,CTurner91@aol.com,416-405-3761,************3463
226,0,4,Check-Out,8/9/2015,Jessica Anderson,Anderson.Jessica@outlook.com,297-735-3046,************5445
173,0,0,Canceled,7/27/2015,Natalie Jimenez,NJimenez@yahoo.com,432-862-9407,************5782
211,0,1,Check-Out,8/9/2015,Mrs. Brittney Sanders,Mrs._S@comcast.net,169-434-7331,************8917
191,0,3,Check-Out,8/9/2015,Jason Anderson,Jason_Anderson17@yandex.com,862-842-7304,************9555
173,0,0,Canceled,6/22/2015,Justin Richardson,Justin.R@mail.com,462-157-9724,************2442
173,0,1,Check-Out,8/10/2015,Kerri Ellis,KerriEllis40@yahoo.com,212-112-4967,************4088
277.5,0,2,Canceled,8/4/2015,Jeffrey Martinez,Jeffrey_Martinez@zoho.com,841-235-6424,************6965
134,0,2,Check-Out,8/11/2015,Barbara Thomas,Thomas.Barbara77@comcast.net,129-318-9391,************6450
153,0,0,Canceled,7/14/2015,Mercedes Ellis,Mercedes.Ellis@yahoo.com,341-558-8479,************7309
186,0,1,Canceled,4/13/2015,Dustin Williams,Williams_Dustin26@comcast.net,650-507-9645,************1929
107.2,0,2,Check-Out,8/11/2015,Emma Jones,Emma.J@att.com,839-634-7620,************7084
221,0,2,Check-Out,8/12/2015,Daniel Harper,Daniel.H@yahoo.com,940-240-9845,************9075
202,0,0,Canceled,6/27/2015,Robert King DDS,Robert.DDS@protonmail.com,997-907-2991,************2294
169,0,0,Canceled,7/9/2015,Mary Edwards,Mary_E@gmail.com,817-454-6179,************3788
133.5,1,2,Check-Out,8/14/2015,Amanda Page,Amanda_Page40@verizon.com,341-956-1573,************5478
154.38,0,1,Canceled,5/14/2015,Melissa Jones,Jones.Melissa@yandex.com,271-777-2316,************4406
154.38,0,1,Canceled,5/14/2015,David Smith,DavidSmith88@yahoo.com,449-655-0210,************7808
205,0,2,Check-Out,8/14/2015,Daniel Martinez,Daniel.M69@comcast.net,562-832-7670,************7009
121.39,1,1,Check-Out,8/16/2015,Madison Castillo,Castillo_Madison@comcast.net,718-619-7607,************1998
171.9,1,0,Check-Out,8/9/2015,Jennifer Watts,Jennifer.Watts@yahoo.com,517-812-5292,************3303
164,0,1,Canceled,7/27/2015,Kimberly Berger,KimberlyBerger95@outlook.com,513-487-6954,************4856
134,0,1,Canceled,7/9/2015,Jerry Frank,JFrank@mail.com,515-294-1739,************3923
250,0,1,Check-Out,8/10/2015,Deborah Morgan,Morgan_Deborah69@protonmail.com,520-317-9678,************3197
208,1,1,Check-Out,8/10/2015,Susan Santos,Susan.Santos@outlook.com,787-080-2827,************4500
181,0,0,Canceled,6/12/2015,Brandon Rangel,Rangel_Brandon@hotmail.com,738-933-3110,************4501
172,0,3,Check-Out,8/11/2015,Virginia Thompson,Thompson_Virginia@att.com,740-003-6344,************6375
157.59,0,1,Check-Out,8/11/2015,Christopher Grant,Christopher.Grant66@hotmail.com,274-630-7249,************7932
211.75,1,3,Check-Out,8/12/2015,Shelby Gardner,SGardner64@gmail.com,357-818-7739,************6205
246,0,1,Check-Out,8/12/2015,Michael Walker,Michael_W@hotmail.com,442-574-5406,************8738
108.54,0,1,Canceled,4/6/2015,Sarah Becker,SarahBecker96@xfinity.com,740-542-2955,************4913
186,0,0,Canceled,6/17/2015,Mark Berry,Mark.B43@zoho.com,965-901-1865,************7536
205,0,1,Canceled,6/22/2015,Shannon Jackson,Shannon_J@comcast.net,683-540-5586,************6325
154,0,1,Canceled,5/19/2015,Nicole Thomas,NThomas54@xfinity.com,865-606-1222,************6923
200.71,0,0,No-Show,8/8/2015,Jamie Reyes,JReyes@comcast.net,795-887-2995,************2786
252,1,1,Check-Out,8/15/2015,Brittany Stewart,Brittany.S@zoho.com,555-873-6888,************7835
135.2,0,0,Canceled,7/27/2015,Jenny White,White.Jenny@hotmail.com,985-669-6773,************2360
276.43,1,3,Check-Out,8/15/2015,David Elliott,David_E80@hotmail.com,669-732-9306,************4590
228,0,0,Canceled,8/8/2015,Amy Hall,Amy_H50@hotmail.com,793-799-9491,************7366
133,1,2,Check-Out,8/15/2015,Thomas Stephens Jr.,Thomas.J@outlook.com,363-119-7579,************9145
205,0,1,Canceled,6/22/2015,Isabella Moore,IsabellaMoore@hotmail.com,369-447-2354,************3677
134,0,2,Canceled,5/16/2015,Brittany Riley,Riley.Brittany38@protonmail.com,814-906-8978,************8722
119.7,0,1,Canceled,8/8/2015,Timothy Rangel,Rangel.Timothy@zoho.com,238-423-5304,************2050
90.95,0,1,Check-Out,8/15/2015,Katherine Miller,KatherineMiller68@att.com,711-854-0281,************9559
138,0,0,Check-Out,8/15/2015,Joel Ball,JBall98@hotmail.com,804-266-6202,************4096
134,0,1,Canceled,5/14/2015,Kyle Lynch,Kyle_Lynch69@att.com,192-714-9819,************7438
173,0,0,Canceled,7/20/2015,Patricia Coleman,Patricia.Coleman@outlook.com,264-195-0004,************2862
165.69,1,0,Check-Out,8/21/2015,Eileen Rivera,EileenRivera@hotmail.com,155-629-6379,************5560
195,0,0,Check-Out,8/10/2015,Jose Bradley,Jose.Bradley@zoho.com,529-511-6356,************3859
127.31,0,0,Check-Out,8/10/2015,Mark Williams,Mark_Williams86@xfinity.com,114-150-8445,************1818
134,0,1,Check-Out,8/10/2015,Nathaniel Lewis,NLewis84@verizon.com,669-909-5201,************4758
207,0,2,Canceled,8/1/2015,Toni Watkins,Watkins_Toni87@verizon.com,498-324-5863,************7077
211.5,0,1,Canceled,7/30/2015,Marie Mitchell,MMitchell@protonmail.com,400-376-9213,************5286
210.33,1,2,Check-Out,8/12/2015,Helen Pierce,Helen_P@protonmail.com,297-405-9734,************1749
211,0,1,Check-Out,8/13/2015,Tommy Brown,Brown_Tommy@comcast.net,955-290-5243,************5694
154,0,0,Check-Out,8/13/2015,Matthew Phillips,Matthew_P@comcast.net,423-681-4059,************2610
145.4,0,0,Canceled,6/22/2015,Lisa Johnson,LJohnson60@protonmail.com,752-349-7608,************2047
101.25,0,0,Canceled,4/6/2015,David Hernandez,Hernandez_David@zoho.com,970-378-4358,************2253
179.38,0,0,Check-Out,8/15/2015,Tracy Stewart,Stewart.Tracy60@protonmail.com,611-327-4624,************8354
166,0,2,Canceled,5/27/2015,Christina Collins,Christina_Collins@yandex.com,629-364-3798,************4977
202,0,2,Canceled,7/17/2015,Katherine Parsons,KatherineParsons@gmail.com,837-549-5190,************5190
172,0,2,Canceled,7/17/2015,Christian Bailey,Christian.Bailey@gmail.com,880-193-6472,************5125
277,1,1,Check-Out,8/15/2015,Mr. William Bell,Mr..B@mail.com,401-188-7246,credit_card
